team,name,position,age,games,games_started,minutes_played,field_goals,field_goal_attempts,field_goal_percentage,three_pointers,three_point_attempts,three_point_percentage,two_pointers,two_point_attempts,two_point_percentage,effective_field_goal_percentage,free_throws_made,free_throws_attempted,free_throw_percentage,offensive_rebounds,defensive_rebounds,total_rebounds,assists,steals,blocks,turnovers,fouls,points,college,salary
Atlanta Hawks,Dejounte Murray,SG,26,74,74,36.4,8.3,17.8,0.464,1.8,5.2,0.344,6.5,12.6,0.514,0.514,2.1,2.6,0.832,0.7,4.5,5.3,6.1,1.5,0.3,2.2,1.4,20.5,Washington,16571120
Atlanta Hawks,Trae Young,PG,24,73,73,34.8,8.2,19,0.429,2.1,6.3,0.335,6.1,12.7,0.476,0.485,7.8,8.8,0.886,0.8,2.2,3,10.2,1.1,0.1,4.1,1.4,26.2,Oklahoma,37096500
Atlanta Hawks,De'Andre Hunter,SF,25,67,67,31.7,5.7,12.3,0.461,1.5,4.3,0.35,4.2,8,0.521,0.522,2.6,3.1,0.826,0.7,3.6,4.2,1.4,0.5,0.3,1.2,3,15.4,Virginia,9835881
Atlanta Hawks,John Collins,PF,25,71,71,30,5.1,10,0.508,1,3.4,0.292,4.1,6.6,0.619,0.557,2,2.5,0.803,1.1,5.4,6.5,1.2,0.6,1,1.1,3.1,13.1,Wake Forest,23500000
Atlanta Hawks,Bogdan Bogdanović,SG,30,54,9,27.9,5.1,11.3,0.447,2.7,6.7,0.406,2.4,4.6,0.506,0.566,1.2,1.4,0.831,0.4,2.6,3.1,2.8,0.8,0.3,1.2,1.6,14,No College/Unknown,18000000
Atlanta Hawks,Clint Capela,C,28,65,63,26.6,5.4,8.2,0.653,0,0,0,5.4,8.2,0.654,0.653,1.2,2,0.603,4,7.1,11,0.9,0.7,1.2,0.8,2.1,12,No College/Unknown,18706896
Atlanta Hawks,Saddiq Bey,SF,23,25,7,25.2,4.3,9.2,0.47,2,5,0.4,2.3,4.2,0.552,0.578,1,1.2,0.862,1.6,3.2,4.8,1.4,0.8,0,0.7,1.5,11.6,Villanova,2959080
Atlanta Hawks,Onyeka Okongwu,C,22,80,18,23.1,4,6.2,0.638,0.1,0.2,0.308,3.9,6.1,0.647,0.642,1.9,2.5,0.781,2.7,4.5,7.2,1,0.7,1.3,1,3.1,9.9,USC,6395160
Atlanta Hawks,AJ Griffin,SF,19,72,12,19.5,3.4,7.4,0.465,1.4,3.6,0.39,2,3.8,0.536,0.56,0.6,0.7,0.894,0.5,1.6,2.1,1,0.6,0.2,0.6,1.2,8.9,Duke,3536160
Atlanta Hawks,Jalen Johnson,SF,21,70,6,14.9,2.3,4.6,0.491,0.4,1.5,0.288,1.8,3.1,0.587,0.537,0.7,1.1,0.628,0.7,3.3,4,1.2,0.5,0.5,0.6,1.6,5.6,Duke,2792640
Atlanta Hawks,Justin Holiday,SF,33,28,0,14.7,1.7,4.5,0.384,1.1,3.1,0.345,0.6,1.4,0.474,0.504,0,0,NA,0.1,0.8,0.8,0.9,0.2,0.4,0.4,1.3,4.5,Washington,6862261
Atlanta Hawks,Jarrett Culver,NA,23,10,1,13.7,1.7,4.3,0.395,0.1,1.2,0.083,1.6,3.1,0.516,0.407,0.9,1.3,0.692,1,2.8,3.8,0.6,0.6,0.2,0.7,1.4,4.4,No College/Unknown,NA
Atlanta Hawks,Aaron Holiday,PG,26,63,6,13.4,1.5,3.5,0.418,0.6,1.4,0.409,0.9,2.1,0.424,0.5,0.4,0.5,0.844,0.4,0.8,1.2,1.4,0.6,0.2,0.6,1.3,3.9,UCLA,1836090
Atlanta Hawks,Trent Forrest,NA,24,23,3,12,1.1,2.6,0.417,0,0.1,0,1.1,2.5,0.431,0.417,0.1,0.1,0.667,0.2,1.4,1.6,1.7,0.3,0.1,0.7,0.7,2.3,No College/Unknown,NA
Atlanta Hawks,Garrison Mathews,SG,26,9,0,9.3,1.4,3.4,0.419,1.1,2.8,0.4,0.3,0.7,0.5,0.581,0.8,0.9,0.875,0.1,1.1,1.2,0.3,0.1,0.1,0.1,0.7,4.8,Lipscomb,2000000
Atlanta Hawks,Frank Kaminsky,C,29,26,0,6.8,1,1.7,0.568,0.4,0.9,0.478,0.5,0.8,0.667,0.693,0.4,0.5,0.833,0.1,1.3,1.4,0.8,0.2,0,0.3,0.8,2.7,Wisconsin,1836090
Atlanta Hawks,Vit Krejci,PG,22,29,0,5.7,0.5,1.3,0.405,0.2,0.7,0.238,0.3,0.6,0.625,0.473,0,0.1,0.5,0.2,0.7,0.9,0.6,0.2,0,0.2,0.6,1.2,No College/Unknown,1563518
Atlanta Hawks,Bruno Fernando,C,24,8,0,5.1,1.4,2.4,0.579,0,0.4,0,1.4,2,0.688,0.579,0.6,0.8,0.833,0.8,1.1,1.9,0.1,0,0.4,0.6,0.8,3.4,Maryland,2717391
Boston Celtics,Jayson Tatum,SF,24,74,74,36.9,9.8,21.1,0.466,3.2,9.3,0.35,6.6,11.8,0.558,0.543,7.2,8.4,0.854,1.1,7.7,8.8,4.6,1.1,0.7,2.9,2.2,30.1,Duke,30351780
Boston Celtics,Jaylen Brown,SF,26,67,67,35.9,10.1,20.6,0.491,2.4,7.3,0.335,7.7,13.4,0.576,0.55,3.9,5.1,0.765,1.2,5.7,6.9,3.5,1.1,0.4,2.9,2.6,26.6,California,28741071
Boston Celtics,Marcus Smart,PG,28,61,61,32.1,4.1,9.9,0.415,1.9,5.6,0.336,2.2,4.3,0.519,0.511,1.4,1.9,0.746,0.8,2.4,3.1,6.3,1.5,0.4,2.3,2.8,11.5,Oklahoma State,17207142
Boston Celtics,Al Horford,C,36,63,63,30.5,3.6,7.6,0.476,2.3,5.2,0.446,1.3,2.4,0.539,0.627,0.2,0.3,0.714,1.2,5,6.2,3,0.5,1,0.6,1.9,9.8,Florida,26500000
Boston Celtics,Derrick White,SG,28,82,70,28.3,4.3,9.2,0.462,1.8,4.8,0.381,2.5,4.5,0.548,0.56,2,2.3,0.875,0.6,2.9,3.6,3.9,0.7,0.9,1.2,2.2,12.4,Colorado,16892857
Boston Celtics,Malcolm Brogdon,PG,30,67,0,26,5.3,10.9,0.484,2,4.4,0.444,3.3,6.5,0.51,0.574,2.4,2.7,0.87,0.6,3.6,4.2,3.7,0.7,0.3,1.5,1.6,14.9,Virginia,22600000
Boston Celtics,Grant Williams,PF,24,79,23,25.9,2.7,6,0.454,1.5,3.7,0.395,1.3,2.3,0.546,0.575,1.2,1.5,0.77,1.1,3.5,4.6,1.7,0.5,0.4,1,2.4,8.1,Tennessee,4306281
Boston Celtics,Robert Williams,C,25,35,20,23.5,3.6,4.9,0.747,0,0,0,3.6,4.8,0.751,0.747,0.7,1.2,0.61,3,5.4,8.3,1.4,0.6,1.4,1,1.9,8,Texas A&M,10937502
Boston Celtics,Mike Muscala,C,31,20,4,16.2,2.1,4.5,0.472,1.3,3.3,0.385,0.9,1.2,0.708,0.612,0.5,0.7,0.692,0.7,2.7,3.4,0.6,0.2,0.3,0.5,1.4,5.9,Bucknell,3500000
Boston Celtics,Sam Hauser,SF,25,80,8,16.1,2.3,5,0.455,1.8,4.2,0.418,0.5,0.8,0.656,0.631,0.2,0.2,0.706,0.4,2.1,2.6,0.9,0.4,0.3,0.4,1.2,6.4,Virginia,1637966
Boston Celtics,Blake Griffin,C,33,41,16,13.9,1.5,3.2,0.485,0.6,1.6,0.348,1,1.6,0.625,0.573,0.5,0.8,0.656,1.1,2.6,3.8,1.5,0.3,0.2,0.5,1.8,4.1,Oklahoma,1836090
Boston Celtics,Payton Pritchard,PG,25,48,3,13.4,2.1,5.1,0.412,1.2,3.2,0.364,0.9,1.9,0.495,0.527,0.3,0.3,0.75,0.5,1.3,1.8,1.3,0.3,0,0.8,0.8,5.6,Oregon,2239200
Boston Celtics,Luke Kornet,C,27,69,0,11.7,1.6,2.5,0.665,0,0.2,0.231,1.6,2.3,0.701,0.674,0.5,0.6,0.821,1.2,1.6,2.9,0.8,0.2,0.7,0.4,1.2,3.8,Vanderbilt,2133278
Boston Celtics,Noah Vonleh,NA,27,23,1,7.4,0.5,1,0.458,0,0.2,0.25,0.4,0.9,0.5,0.479,0.1,0.1,1,0.8,1.3,2.1,0.3,0.1,0.3,0.5,1.5,1.1,No College/Unknown,1160955
Boston Celtics,JD Davison,NA,20,12,0,5.5,0.7,1.6,0.421,0.2,0.6,0.286,0.5,1,0.5,0.474,0.1,0.2,0.5,0.2,0.6,0.8,0.9,0.2,0.2,0.3,0.4,1.6,No College/Unknown,NA
Brooklyn Nets,Kyrie Irving,SG,30,40,40,37,10,20.5,0.486,3.3,8.7,0.374,6.7,11.8,0.569,0.565,4,4.5,0.883,1,4.2,5.1,5.3,1,0.8,2.3,2.7,27.1,Duke,38917057
Brooklyn Nets,Kevin Durant,PF,34,39,39,36,10.5,18.8,0.559,1.8,4.8,0.376,8.7,14,0.622,0.607,6.8,7.3,0.934,0.4,6.4,6.7,5.3,0.8,1.5,3.5,2.4,29.7,Texas,44119845
Brooklyn Nets,Spencer Dinwiddie,PG,29,26,26,35.3,5.5,13.7,0.404,1.7,5.7,0.289,3.9,8,0.488,0.465,3.8,4.7,0.797,0.3,3.8,4.1,9.1,1.1,0.3,2.1,2.4,16.5,Colorado,19500000
Brooklyn Nets,Mikal Bridges,SG,26,27,27,34.2,8.9,18.6,0.475,2.5,6.7,0.376,6.3,11.9,0.531,0.543,5.9,6.6,0.894,0.9,3.6,4.5,2.7,1,0.6,1.8,1.6,26.1,Villanova,20100000
Brooklyn Nets,Royce O'Neale,SF,29,76,53,31.7,3,7.8,0.386,2.1,5.5,0.389,0.9,2.3,0.379,0.524,0.7,0.9,0.725,0.7,4.3,5.1,3.7,0.9,0.6,1.5,3.1,8.8,Baylor,9200000
Brooklyn Nets,Cameron Johnson,PF,26,25,25,30.8,5.6,12,0.468,2.3,6.2,0.372,3.3,5.8,0.572,0.565,3,3.5,0.851,0.8,4,4.8,2.1,1.4,0.3,1.1,2.2,16.6,UNC,5887899
Brooklyn Nets,Nic Claxton,C,23,76,76,29.9,5.4,7.7,0.705,0,0,0,5.4,7.7,0.708,0.705,1.8,3.2,0.541,2.4,6.8,9.2,1.9,0.9,2.5,1.3,2.8,12.6,Georgia,8500000
Brooklyn Nets,Dorian Finney-Smith,PF,29,26,26,27.7,2.6,7.3,0.351,1.4,4.7,0.306,1.2,2.7,0.429,0.448,0.6,0.7,0.789,1.8,3.1,4.9,1.6,0.7,0.6,1,2.5,7.2,Florida,12939848
Brooklyn Nets,Ben Simmons,PG,26,42,33,26.3,3.2,5.6,0.566,0,0,0,3.2,5.5,0.571,0.566,0.6,1.4,0.439,1,5.3,6.3,6.1,1.3,0.6,2.3,3.3,6.9,LSU,35448672
Brooklyn Nets,Joe Harris,SF,31,74,33,20.6,2.7,5.9,0.457,1.9,4.5,0.426,0.8,1.4,0.551,0.618,0.2,0.4,0.643,0.3,1.9,2.2,1.4,0.5,0.2,0.6,1.9,7.6,Virginia,18642857
Brooklyn Nets,Seth Curry,SG,32,61,7,19.9,3.4,7.4,0.463,1.5,3.8,0.405,1.9,3.6,0.525,0.568,0.8,0.9,0.927,0.2,1.4,1.6,1.6,0.6,0.1,0.8,1.6,9.2,Duke,8496653
Brooklyn Nets,T.J. Warren,SF,29,26,0,18.8,3.9,7.7,0.51,0.6,1.8,0.333,3.3,5.8,0.566,0.55,1,1.3,0.818,0.5,2.3,2.8,1.1,0.6,0.3,0.7,1.7,9.5,NC State,1836090
Brooklyn Nets,Cam Thomas,SG,21,57,4,16.6,3.5,8,0.441,0.9,2.3,0.383,2.6,5.7,0.464,0.497,2.6,3.1,0.868,0.1,1.5,1.7,1.4,0.4,0.1,1.1,1,10.6,LSU,2138160
Brooklyn Nets,Yuta Watanabe,SF,28,58,1,16,2,4,0.491,1,2.3,0.444,0.9,1.7,0.557,0.621,0.6,0.8,0.723,0.5,1.9,2.4,0.8,0.4,0.3,0.4,1.4,5.6,George Washington,1836090
Brooklyn Nets,Patty Mills,PG,34,40,2,14.2,2.2,5.2,0.411,1.2,3.4,0.366,0.9,1.9,0.493,0.529,0.6,0.8,0.833,0.2,0.9,1.1,1.4,0.4,0.1,0.8,0.8,6.2,Saint Mary's,6479000
Brooklyn Nets,Edmond Sumner,SG,27,53,12,13.9,2.3,5.1,0.461,0.6,1.6,0.356,1.8,3.4,0.511,0.519,1.9,2,0.917,0.2,1.2,1.5,1.3,0.6,0.2,0.9,1.6,7.1,Xavier,1968175
Brooklyn Nets,Day'Ron Sharpe,C,21,48,3,11.5,1.9,3.6,0.544,0.1,0.2,0.545,1.8,3.3,0.544,0.561,0.7,1.1,0.636,2.1,2.1,4.2,0.8,0.3,0.7,0.9,1.9,4.7,UNC,2109480
Brooklyn Nets,Markieff Morris,PF,33,27,1,10.6,1.2,3,0.402,0.7,1.8,0.408,0.5,1.2,0.394,0.524,0.4,0.4,1,0.5,1.7,2.2,0.9,0.3,0.2,0.5,1.2,3.6,Kansas,1836090
Brooklyn Nets,David Duke Jr.,SG,23,23,0,9.9,1.6,3.4,0.462,0,0.5,0.083,1.5,2.9,0.53,0.468,0.5,0.7,0.706,0.5,0.8,1.3,0.9,0.4,0,0.8,1.3,3.7,Providence,NA
Brooklyn Nets,Dru Smith,NA,25,10,0,9.1,1.3,3.1,0.419,0.4,1.3,0.308,0.9,1.8,0.5,0.484,0.3,0.3,1,0.1,1.4,1.5,1.7,0.6,0.1,0.2,1.3,3.3,No College/Unknown,NA
Brooklyn Nets,Kessler Edwards,SF,22,14,1,5.6,0.4,1.7,0.25,0.1,0.9,0.167,0.3,0.9,0.333,0.292,0.1,0.1,0.5,0.4,0.6,1,0.1,0.2,0.1,0.3,0.2,1.1,Pepperdine,1637966
Charlotte Hornets,Terry Rozier,SG,28,63,63,35.3,7.8,18.9,0.415,2.6,8,0.327,5.2,10.8,0.48,0.484,2.8,3.5,0.809,0.8,3.3,4.1,5.1,1.2,0.3,2.1,1.9,21.1,Louisville,21486316
Charlotte Hornets,LaMelo Ball,PG,21,36,36,35.2,8.2,20,0.411,4,10.6,0.376,4.2,9.4,0.45,0.51,2.8,3.4,0.836,1.2,5.3,6.4,8.4,1.3,0.3,3.6,3.3,23.3,No College/Unknown,8623920
Charlotte Hornets,P.J. Washington,PF,24,73,73,32.6,5.9,13.4,0.444,2,5.9,0.348,3.9,7.5,0.518,0.52,1.7,2.4,0.73,1,3.9,4.9,2.4,0.9,1.1,1.5,2.6,15.7,Kentucky,5808435
Charlotte Hornets,Kelly Oubre Jr.,SF,27,48,40,32.3,7.4,17.1,0.431,2.3,7.1,0.319,5.1,10,0.51,0.497,3.3,4.3,0.76,1.4,3.8,5.2,1.1,1.4,0.4,1.3,2.9,20.3,Kansas,12600000
Charlotte Hornets,Gordon Hayward,SF,32,50,50,31.5,5.5,11.6,0.475,1,3.2,0.325,4.5,8.4,0.532,0.52,2.6,3.2,0.811,0.7,3.6,4.3,4.1,0.8,0.2,2,1.4,14.7,Butler,30075000
Charlotte Hornets,Mason Plumlee,C,32,56,56,28.5,4.7,7.1,0.669,0,0,NA,4.7,7.1,0.669,0.669,2.8,4.6,0.605,3.3,6.3,9.7,3.7,0.6,0.6,1.6,2.9,12.2,Duke,9080417
Charlotte Hornets,Jalen McDaniels,SF,25,56,21,26.7,3.9,8.8,0.447,1.2,3.6,0.322,2.8,5.2,0.534,0.513,1.6,1.9,0.846,0.8,4,4.8,2,1.2,0.5,1.4,2.8,10.6,San Diego State,1930681
Charlotte Hornets,Dennis Smith Jr.,PG,25,54,15,25.7,3.4,8.4,0.412,0.4,2.1,0.216,3,6.3,0.475,0.438,1.4,2,0.736,0.5,2.6,3.1,4.8,1.4,0.5,1.5,2.3,8.8,NC State,1836090
Charlotte Hornets,Svi Mykhailiuk,SF,25,19,8,22.5,3.7,8.5,0.441,1.9,4.7,0.404,1.8,3.8,0.486,0.553,1.2,1.8,0.676,0.8,1.6,2.4,2.7,0.7,0.2,1.2,1.2,10.6,Kansas,3714810
Charlotte Hornets,Théo Maledon,NA,21,44,7,19.4,2.3,5.8,0.402,0.6,2.2,0.295,1.7,3.6,0.465,0.457,1.4,1.7,0.851,0.3,2.5,2.8,3.5,0.8,0.3,1.3,1.4,6.7,No College/Unknown,1900000
Charlotte Hornets,Mark Williams,C,21,43,17,19.3,3.7,5.8,0.637,0,0,NA,3.7,5.8,0.637,0.637,1.6,2.3,0.691,2.2,4.9,7.1,0.4,0.7,1,0.9,2.2,9,Duke,3722040
Charlotte Hornets,Nick Richards,C,25,65,9,18.7,3,4.8,0.629,0,0,1,3,4.8,0.628,0.631,2.1,2.8,0.749,2.3,4.1,6.4,0.6,0.2,1.1,0.9,2.4,8.2,Kentucky,1782621
Charlotte Hornets,Bryce McGowens,SG,20,46,7,17.1,1.7,4.4,0.396,0.6,1.7,0.325,1.2,2.7,0.443,0.46,1.3,1.7,0.75,0.4,1.6,2,1.2,0.3,0.1,0.9,1,5.3,Nebraska,1075000
Charlotte Hornets,James Bouknight,SG,22,34,0,15.1,2,5.7,0.358,1,3.2,0.303,1.1,2.5,0.429,0.443,0.6,0.9,0.667,0.2,1.9,2.1,1.2,0.4,0.1,0.9,1.4,5.6,UConn,4362240
Charlotte Hornets,JT Thor,PF,20,69,8,14,1.4,3.4,0.399,0.6,1.8,0.317,0.8,1.7,0.487,0.481,0.5,0.7,0.702,0.5,1.7,2.2,0.5,0.3,0.3,0.6,1,3.8,Auburn,1563518
Charlotte Hornets,Kai Jones,C,22,46,0,12,1.5,2.6,0.558,0.1,0.4,0.211,1.4,2.2,0.624,0.575,0.4,0.6,0.731,0.8,1.9,2.7,0.3,0.4,0.7,0.7,1.4,3.4,Texas,2909040
Chicago Bulls,DeMar DeRozan,SF,33,74,74,36.2,8.9,17.6,0.504,0.6,1.9,0.324,8.3,15.7,0.526,0.522,6.2,7.1,0.872,0.5,4.2,4.6,5.1,1.1,0.5,2.1,2.5,24.5,USC,27300000
Chicago Bulls,Zach LaVine,SG,27,77,77,35.9,8.7,18,0.485,2.6,7.1,0.375,6.1,11,0.556,0.558,4.7,5.6,0.848,0.5,3.9,4.5,4.2,0.9,0.2,2.5,2.1,24.8,UCLA,37096500
Chicago Bulls,Nikola Vučević,C,32,82,82,33.5,7.3,14,0.52,1.5,4.2,0.349,5.8,9.8,0.594,0.573,1.6,1.9,0.835,1.9,9.1,11,3.2,0.7,0.7,1.7,2.2,17.6,USC,22000000
Chicago Bulls,Patrick Williams,PF,21,82,65,28.3,3.8,8.3,0.464,1.4,3.4,0.415,2.4,4.9,0.498,0.549,1.1,1.3,0.857,1,3,4,1.2,0.9,0.9,1.2,1.8,10.2,Florida State,7775400
Chicago Bulls,Patrick Beverley,PG,34,22,22,27.5,2.1,5.4,0.395,1.1,3.7,0.309,1,1.7,0.579,0.5,0.4,0.7,0.533,0.9,4,4.9,3.5,1,0.7,0.8,2.9,5.8,Arkansas,13506508
Chicago Bulls,Ayo Dosunmu,SG,23,80,51,26.2,3.5,7.1,0.493,0.7,2.4,0.312,2.8,4.8,0.583,0.545,0.8,1,0.805,0.6,2.2,2.8,2.6,0.8,0.3,1.2,2.3,8.6,Illinois,1563518
Chicago Bulls,Alex Caruso,PG,28,67,36,23.5,1.9,4.3,0.455,0.8,2.3,0.364,1.1,2,0.556,0.551,0.9,1.1,0.808,0.6,2.3,2.9,2.9,1.5,0.7,1.1,2.4,5.6,Texas A&M,9030000
Chicago Bulls,Coby White,SG,22,74,2,23.4,3.6,8,0.443,1.7,4.6,0.372,1.8,3.4,0.54,0.551,0.8,0.9,0.871,0.2,2.6,2.9,2.8,0.7,0.1,1,1.6,9.7,UNC,7413955
Chicago Bulls,Goran Dragić,PG,36,51,0,15.4,2.5,5.9,0.425,0.9,2.5,0.352,1.6,3.4,0.48,0.5,0.5,0.8,0.659,0.3,1.1,1.4,2.7,0.2,0.1,1.1,1.2,6.4,No College/Unknown,2226523
Chicago Bulls,Javonte Green,SF,29,32,1,15,1.9,3.4,0.565,0.4,1.1,0.371,1.5,2.3,0.658,0.625,0.9,1.4,0.667,0.8,1.9,2.8,0.7,0.8,0.7,0.6,1.6,5.2,Radford,1815677
Chicago Bulls,Derrick Jones Jr.,PF,25,64,0,14,1.8,3.6,0.5,0.4,1.3,0.338,1.4,2.3,0.587,0.559,1,1.3,0.738,0.9,1.5,2.4,0.5,0.5,0.6,0.4,1.3,5,UNLV,3200000
Chicago Bulls,Andre Drummond,C,29,67,0,12.7,2.5,4.1,0.606,0,0,0,2.5,4,0.613,0.606,1,1.9,0.536,2.1,4.6,6.6,0.5,0.7,0.4,1.1,1.7,6,UConn,3200000
Chicago Bulls,Dalen Terry,SG,20,38,0,5.6,0.8,1.9,0.444,0.2,0.7,0.259,0.7,1.2,0.556,0.493,0.4,0.6,0.667,0.3,0.7,1,0.6,0.3,0.1,0.2,0.6,2.2,Arizona,3191400
Cleveland Cavaliers,Donovan Mitchell,SG,26,68,68,35.8,10,20.6,0.484,3.6,9.3,0.386,6.4,11.3,0.566,0.572,4.7,5.4,0.867,0.9,3.3,4.3,4.4,1.5,0.4,2.6,2.5,28.3,Louisville,30913750
Cleveland Cavaliers,Darius Garland,PG,23,69,69,35.5,7.6,16.4,0.462,2.4,6,0.41,5.1,10.4,0.492,0.537,4,4.7,0.863,0.4,2.3,2.7,7.8,1.2,0.1,2.9,2.1,21.6,Vanderbilt,8920795
Cleveland Cavaliers,Evan Mobley,PF,21,79,79,34.4,6.6,12,0.554,0.3,1.3,0.216,6.4,10.7,0.595,0.566,2.6,3.8,0.674,2.4,6.6,9,2.8,0.8,1.5,1.8,2.8,16.2,USC,8478720
Cleveland Cavaliers,Jarrett Allen,C,24,68,68,32.6,5.9,9.2,0.644,0,0.1,0.1,5.9,9.1,0.653,0.645,2.4,3.3,0.733,3.3,6.5,9.8,1.7,0.8,1.2,1.4,2.3,14.3,Texas,20000000
Cleveland Cavaliers,Caris LeVert,SG,28,74,30,30.2,4.3,10,0.431,1.7,4.4,0.392,2.6,5.6,0.462,0.517,1.8,2.4,0.722,0.7,3.1,3.8,3.9,1,0.3,1.6,2.3,12.1,Michigan,18796296
Cleveland Cavaliers,Isaac Okoro,SF,22,76,46,21.7,2.3,4.7,0.494,0.8,2.3,0.363,1.5,2.4,0.617,0.582,1,1.4,0.757,0.7,1.8,2.5,1.1,0.7,0.4,0.6,2.1,6.4,Auburn,7040880
Cleveland Cavaliers,Dean Wade,PF,26,44,13,20.3,1.7,4,0.412,1,2.9,0.354,0.6,1.1,0.56,0.54,0.3,0.5,0.652,0.5,3,3.4,0.8,0.6,0.5,0.4,2,4.7,Kansas State,1930681
Cleveland Cavaliers,Cedi Osman,SF,27,77,2,20.1,3.1,6.9,0.451,1.5,4.1,0.372,1.6,2.8,0.564,0.56,1,1.4,0.694,0.3,2,2.3,1.5,0.5,0.1,0.7,1.6,8.7,No College/Unknown,7426088
Cleveland Cavaliers,Kevin Love,PF,34,41,3,20,2.7,7,0.389,1.7,4.8,0.354,1,2.2,0.467,0.511,1.4,1.5,0.889,1,5.8,6.8,1.9,0.2,0.2,1.1,1.6,8.5,UCLA,32056968
Cleveland Cavaliers,Lamar Stevens,SF,25,62,25,18.1,2.1,4.6,0.448,0.5,1.5,0.316,1.6,3.1,0.513,0.5,0.6,0.9,0.702,0.8,2.6,3.3,0.5,0.4,0.3,0.4,1.3,5.3,Penn State,1782621
Cleveland Cavaliers,Ricky Rubio,PG,32,33,2,17.2,1.8,5.4,0.343,0.6,2.5,0.256,1.2,2.9,0.417,0.402,0.8,1.1,0.8,0.3,1.8,2.1,3.5,0.8,0.2,0.9,1.5,5.2,No College/Unknown,5853659
Cleveland Cavaliers,Danny Green,SG,35,8,0,11.9,2.4,4.8,0.5,1.6,3.6,0.448,0.8,1.1,0.667,0.671,0.1,0.1,1,0.3,1,1.3,0.5,0.6,0.4,0.9,1.3,6.5,UNC,11710528
Cleveland Cavaliers,Raul Neto,PG,30,48,1,10.5,1.2,2.3,0.518,0.3,0.9,0.286,0.9,1.4,0.662,0.573,0.6,0.7,0.912,0.2,0.8,1,1.6,0.4,0.1,0.5,1,3.3,No College/Unknown,1836090
Cleveland Cavaliers,Robin Lopez,C,34,37,2,8.1,1.3,2,0.64,0.1,0.1,0.5,1.2,1.9,0.648,0.653,0.4,0.5,0.778,0.6,0.8,1.4,0.5,0.1,0.2,0.7,1.2,3,Stanford,1836090
Cleveland Cavaliers,Mamadi Diakite,NA,26,22,2,8,1.1,2.3,0.48,0.3,1,0.333,0.8,1.3,0.586,0.55,0.1,0.1,1,0.4,1,1.4,0.4,0.2,0.4,0.5,1.2,2.6,No College/Unknown,NA
Cleveland Cavaliers,Isaiah Mobley,NA,23,13,0,6.5,0.9,2.2,0.429,0.2,0.6,0.375,0.7,1.5,0.45,0.482,0.3,0.3,1,0.3,1.2,1.5,0.2,0.3,0.2,0.1,0.6,2.4,No College/Unknown,NA
Dallas Mavericks,Kyrie Irving,SG,30,20,20,38.2,9.8,19.2,0.51,2.9,7.4,0.392,6.9,11.8,0.585,0.586,4.5,4.7,0.947,1.1,4,5,6,1.3,0.6,1.9,2.8,27,Duke,38917057
Dallas Mavericks,Luka Dončić,PG,23,66,66,36.2,10.9,22,0.496,2.8,8.2,0.342,8.1,13.8,0.588,0.56,7.8,10.5,0.742,0.8,7.8,8.6,8,1.4,0.5,3.6,2.5,32.4,No College/Unknown,37096500
Dallas Mavericks,Spencer Dinwiddie,PG,29,53,53,34.1,6,13.1,0.455,2.6,6.4,0.405,3.4,6.7,0.504,0.555,3.2,3.9,0.821,0.4,2.7,3.1,5.3,0.7,0.3,1.7,2.3,17.7,Colorado,19500000
Dallas Mavericks,Dorian Finney-Smith,PF,29,40,40,32.2,3.2,7.8,0.416,1.9,5.4,0.355,1.3,2.3,0.559,0.54,0.8,1,0.75,1.7,3,4.7,1.5,1,0.5,0.9,2,9.1,Florida,12939848
Dallas Mavericks,Reggie Bullock,SF,31,78,55,30.3,2.5,6,0.409,1.9,5.1,0.38,0.5,0.9,0.562,0.569,0.3,0.5,0.703,0.4,3.2,3.6,1.4,0.7,0.2,0.5,2.1,7.2,UNC,10012800
Dallas Mavericks,Tim Hardaway Jr.,SF,30,71,45,30.3,4.8,11.9,0.401,3,7.7,0.385,1.8,4.2,0.431,0.527,1.8,2.3,0.77,0.3,3.2,3.5,1.8,0.7,0.2,0.8,1.7,14.4,Michigan,19602273
Dallas Mavericks,Christian Wood,C,27,67,17,25.9,5.9,11.5,0.515,1.6,4.2,0.376,4.3,7.3,0.594,0.583,3.2,4.2,0.772,1.3,6,7.3,1.8,0.4,1.1,1.8,2.5,16.6,UNLV,14317459
Dallas Mavericks,Josh Green,SG,22,60,21,25.7,3.4,6.4,0.537,1.1,2.8,0.402,2.3,3.6,0.643,0.626,1.1,1.6,0.723,0.9,2.1,3,1.7,0.7,0.1,1.2,2.6,9.1,Arizona,3098400
Dallas Mavericks,Maxi Kleber,PF,31,37,5,25.1,2.1,4.6,0.456,1.1,3,0.348,1,1.5,0.667,0.571,0.7,1,0.711,0.8,2.8,3.6,1.4,0.3,0.8,0.7,2.3,5.9,No College/Unknown,9000000
Dallas Mavericks,Dwight Powell,C,31,76,64,19.2,2.6,3.5,0.732,0,0.1,0,2.6,3.5,0.746,0.732,1.5,2.2,0.667,2,2.2,4.1,0.9,0.6,0.3,0.9,2.8,6.7,Stanford,11080125
Dallas Mavericks,Justin Holiday,SF,33,18,2,16.4,1.6,4.4,0.367,0.9,3.1,0.286,0.7,1.3,0.565,0.468,0.3,0.4,0.625,0.2,1.6,1.8,0.9,0.8,0.5,0.6,1.7,4.4,Washington,6862261
Dallas Mavericks,Kemba Walker,NA,32,9,1,16,2.7,6.3,0.421,0.8,3.1,0.25,1.9,3.2,0.586,0.482,1.9,2.3,0.81,0.3,1.4,1.8,2.1,0.2,0.2,0.4,1.2,8,No College/Unknown,37281261
Dallas Mavericks,Jaden Hardy,SG,20,48,5,14.8,3,6.9,0.438,1.3,3.3,0.404,1.7,3.7,0.469,0.533,1.4,1.6,0.823,0.2,1.6,1.9,1.4,0.4,0.1,1,1.3,8.8,No College/Unknown,1017781
Dallas Mavericks,Frank Ntilikina,SG,24,47,5,12.9,1,2.8,0.364,0.4,1.4,0.254,0.7,1.4,0.477,0.428,0.5,0.7,0.667,0.1,1.2,1.3,1.2,0.3,0.1,0.6,1.4,2.9,No College/Unknown,2036318
Dallas Mavericks,McKinley Wright IV,NA,24,27,1,12.4,1.7,3.6,0.469,0.3,1,0.321,1.4,2.6,0.529,0.515,0.5,0.7,0.684,0.3,1.4,1.7,2.1,0.3,0.2,0.7,0.9,4.2,No College/Unknown,NA
Dallas Mavericks,Dāvis Bertāns,PF,30,45,1,10.9,1.5,3.6,0.431,1.2,3.1,0.39,0.3,0.4,0.737,0.603,0.3,0.3,0.867,0.2,1,1.2,0.5,0.2,0.2,0.2,1.2,4.6,No College/Unknown,16000000
Dallas Mavericks,Markieff Morris,PF,33,8,1,8.8,1.8,4.1,0.424,1,2.8,0.364,0.8,1.4,0.545,0.545,0,0,NA,0,1.5,1.5,0.8,0.1,0,0.5,1.9,4.5,Kansas,1836090
Dallas Mavericks,JaVale McGee,C,35,42,7,8.5,1.9,3,0.64,0,0.1,0.4,1.9,2.9,0.65,0.648,0.6,1,0.585,0.7,1.8,2.5,0.3,0.1,0.6,0.9,1.3,4.4,Nevada,5461219
Dallas Mavericks,Theo Pinson,SG,27,40,1,8.1,0.8,2.2,0.356,0.6,1.6,0.355,0.2,0.6,0.36,0.483,0.3,0.3,0.846,0.3,1.3,1.6,1.2,0.2,0,0.3,0.9,2.4,UNC,1836090
Dallas Mavericks,A.J. Lawson,NA,22,14,0,7.6,1.5,3.1,0.488,0.7,1.8,0.4,0.8,1.3,0.611,0.605,0.1,0.6,0.25,0.4,1,1.4,0.1,0.1,0,0.2,0.7,3.9,No College/Unknown,NA
Dallas Mavericks,Facundo Campazzo,NA,31,8,0,6.5,0.4,1.6,0.231,0.4,1.4,0.273,0,0.3,0,0.346,0.1,0.3,0.5,0,0.3,0.3,1.1,0.8,0,0.4,0.4,1.3,No College/Unknown,NA
Denver Nuggets,Nikola Jokić,C,27,69,69,33.7,9.4,14.8,0.632,0.8,2.2,0.383,8.5,12.7,0.675,0.66,4.9,6,0.822,2.4,9.4,11.8,9.8,1.3,0.7,3.6,2.5,24.5,No College/Unknown,33047803
Denver Nuggets,Jamal Murray,PG,25,65,65,32.8,7.3,16,0.454,2.6,6.6,0.398,4.6,9.4,0.494,0.537,2.8,3.3,0.833,0.7,3.2,4,6.2,1,0.2,2.2,1.6,20,Kentucky,31650600
Denver Nuggets,Kentavious Caldwell-Pope,SG,29,76,76,31.3,3.8,8.3,0.462,1.8,4.2,0.423,2.1,4.1,0.502,0.569,1.4,1.6,0.824,0.5,2.3,2.7,2.4,1.5,0.5,1.1,1.9,10.8,Georgia,14004703
Denver Nuggets,Aaron Gordon,PF,27,68,68,30.2,6.3,11.2,0.564,0.9,2.5,0.347,5.4,8.6,0.628,0.603,2.8,4.6,0.608,2.4,4.1,6.6,3,0.8,0.8,1.4,1.9,16.3,Arizona,19690909
Denver Nuggets,Michael Porter Jr.,SF,24,62,62,29,6.4,13.2,0.487,3,7.3,0.414,3.4,5.9,0.579,0.602,1.5,1.9,0.8,1,4.5,5.5,1,0.6,0.5,1.1,1.9,17.4,Missouri,30913750
Denver Nuggets,Bruce Brown,SF,26,80,31,28.5,4.5,9.3,0.483,1.1,3.2,0.358,3.3,6.1,0.548,0.545,1.5,1.9,0.758,0.8,3.3,4.1,3.4,1.1,0.6,1.5,2.4,11.5,Miami (FL),6479000
Denver Nuggets,Reggie Jackson,PG,32,16,2,19.9,3.1,8,0.383,1.2,4.3,0.279,1.9,3.8,0.5,0.457,0.6,0.8,0.833,0.2,1.6,1.8,3.1,0.6,0.1,1.2,1.4,7.9,Boston College,11795633
Denver Nuggets,Jeff Green,PF,36,56,4,19.5,2.9,5.9,0.488,0.5,1.9,0.288,2.3,4,0.58,0.534,1.6,2.1,0.744,0.7,1.9,2.6,1.2,0.3,0.3,0.8,1.8,7.8,Georgetown,4500000
Denver Nuggets,Bones Hyland,PG,22,42,1,19.5,4.1,10.3,0.399,2.2,5.7,0.378,2,4.6,0.425,0.503,1.7,2,0.866,0.2,1.8,2,3,0.7,0.3,1.6,1.6,12.1,VCU,2201520
Denver Nuggets,Christian Braun,SG,21,76,6,15.5,1.9,3.8,0.495,0.4,1.3,0.354,1.4,2.5,0.565,0.554,0.5,0.8,0.625,0.6,1.8,2.4,0.8,0.5,0.2,0.5,1.3,4.7,Kansas,2808600
Denver Nuggets,DeAndre Jordan,C,34,39,8,15,2.3,2.9,0.765,0,0,1,2.2,2.9,0.763,0.77,0.6,1.2,0.458,1.3,3.8,5.2,0.9,0.3,0.6,1.2,1.8,5.1,Texas A&M,9663997
Denver Nuggets,Vlatko Čančar,PF,25,60,9,14.8,1.8,3.8,0.476,0.7,1.9,0.374,1.1,1.9,0.58,0.57,0.6,0.7,0.927,0.4,1.7,2.1,1.3,0.4,0.2,0.6,1.4,5,No College/Unknown,2234359
Denver Nuggets,Zeke Nnaji,PF,22,53,5,13.7,2.1,3.7,0.561,0.3,1.2,0.262,1.8,2.5,0.71,0.605,0.8,1.2,0.645,1.2,1.4,2.6,0.3,0.3,0.4,0.6,2,5.2,Arizona,2617800
Denver Nuggets,Thomas Bryant,C,25,18,1,11.4,1.8,3.8,0.485,0.2,0.5,0.444,1.6,3.3,0.492,0.515,0.7,1,0.722,1.1,2.3,3.3,0.1,0.1,0.4,0.6,1.4,4.6,Indiana,1836090
Denver Nuggets,Ish Smith,PG,34,43,0,9.3,1.2,3,0.397,0,0.3,0.167,1.2,2.8,0.42,0.405,0,0.1,0.5,0.1,1.1,1.3,2.3,0.2,0.2,1,0.8,2.5,Wake Forest,4725000
Denver Nuggets,Davon Reed,NA,27,35,1,9,0.7,2.3,0.313,0.5,1.3,0.364,0.3,1,0.25,0.413,0.4,0.6,0.75,0.3,1.3,1.6,0.5,0.4,0.1,0.6,1,2.3,No College/Unknown,1902133
Denver Nuggets,Peyton Watson,SG,20,23,2,8.1,1.3,2.6,0.492,0.3,0.6,0.429,1,2,0.511,0.542,0.5,0.9,0.55,0.3,1.3,1.6,0.5,0.1,0.5,0.3,0.6,3.3,UCLA,2193960
Detroit Pistons,Cade Cunningham,PG,21,12,12,33.3,7.8,18.7,0.415,1.4,5.1,0.279,6.3,13.6,0.466,0.453,3,3.6,0.837,1,5.2,6.2,6,0.8,0.6,3.3,2.8,19.9,Oklahoma State,10552800
Detroit Pistons,Bojan Bogdanović,PF,33,59,59,32.1,7.3,14.9,0.488,2.5,6,0.411,4.8,9,0.539,0.57,4.5,5.1,0.884,0.6,3.2,3.8,2.6,0.6,0.1,2.3,1.9,21.6,No College/Unknown,19550000
Detroit Pistons,Jaden Ivey,SG,20,74,73,31.1,5.5,13.3,0.416,1.6,4.7,0.343,3.9,8.6,0.457,0.477,3.6,4.8,0.747,1,2.9,3.9,5.2,0.8,0.2,3.2,3.3,16.3,Purdue,7252200
Detroit Pistons,Saddiq Bey,SF,23,52,30,28.8,4.7,11.7,0.404,1.9,5.6,0.345,2.8,6,0.46,0.488,3.5,4,0.861,1.1,3.5,4.7,1.6,1,0.2,1,1.7,14.8,Villanova,2959080
Detroit Pistons,Isaiah Stewart,C,21,50,47,28.3,3.9,8.8,0.442,1.3,4.1,0.327,2.6,4.7,0.542,0.518,2.2,3,0.738,2.3,5.8,8.1,1.4,0.4,0.7,1.4,2.7,11.3,Washington,3433320
Detroit Pistons,Killian Hayes,PG,21,76,56,28.3,4,10.7,0.377,1.1,3.8,0.28,3,7,0.429,0.426,1.2,1.5,0.821,0.4,2.5,2.9,6.2,1.4,0.4,2.3,2.9,10.3,No College/Unknown,5837760
Detroit Pistons,James Wiseman,C,21,24,22,25.2,5.4,10.2,0.531,0.1,0.8,0.167,5.3,9.5,0.559,0.537,1.8,2.5,0.712,2.3,5.8,8.1,0.7,0.2,0.8,1.5,2.9,12.7,Memphis,9603360
Detroit Pistons,Jalen Duren,C,19,67,31,24.9,3.9,5.9,0.648,0,0,0,3.9,5.9,0.652,0.648,1.4,2.3,0.611,3.4,5.5,8.9,1.1,0.7,0.9,1.4,2.7,9.1,Memphis,4124280
Detroit Pistons,Marvin Bagley III,C,23,42,25,23.6,4.8,9.1,0.529,0.5,1.6,0.288,4.4,7.5,0.579,0.554,1.9,2.6,0.75,2.2,4.2,6.4,0.9,0.5,0.7,1.1,1.9,12,Duke,12500000
Detroit Pistons,Isaiah Livers,PF,24,52,22,23.1,2.3,5.5,0.417,1.4,3.9,0.365,0.9,1.6,0.541,0.545,0.6,0.8,0.821,0.5,2.2,2.8,0.8,0.5,0.5,0.6,2,6.7,Michigan,1563518
Detroit Pistons,Alec Burks,SG,31,51,8,22,3.9,9,0.436,1.9,4.7,0.414,2,4.3,0.459,0.544,3,3.7,0.814,0.4,2.7,3.1,2.2,0.7,0.2,1.1,1.9,12.8,Colorado,10012800
Detroit Pistons,Eugene Omoruyi,SF,25,17,4,21.9,3.4,7.9,0.425,1,3.4,0.293,2.4,4.5,0.526,0.489,2,2.8,0.723,1.2,2.2,3.5,1,0.8,0.2,1.1,2.6,9.7,Oregon,555402
Detroit Pistons,Cory Joseph,PG,31,62,2,19.8,2.4,5.7,0.427,1.1,2.9,0.389,1.3,2.8,0.468,0.527,0.9,1.2,0.792,0.3,1.4,1.7,3.5,0.5,0.1,0.9,1.4,6.9,Texas,5155500
Detroit Pistons,R.J. Hampton,PG,21,21,3,18.5,2.5,5.9,0.423,1.1,3,0.365,1.4,2.9,0.483,0.516,1.2,1.9,0.667,0.4,1.9,2.3,1,0.5,0.2,1,1.4,7.3,No College/Unknown,2898243
Detroit Pistons,Hamidou Diallo,SF,24,56,0,17.8,3.8,6.7,0.573,0.1,0.4,0.238,3.8,6.3,0.593,0.58,1.6,2.6,0.588,1,2.4,3.5,1,0.9,0.3,1.3,2.2,9.3,Kentucky,5200000
Detroit Pistons,Rodney McGruder,SG,31,32,12,16.4,1.9,4.8,0.408,1.3,3,0.423,0.7,1.7,0.382,0.543,0.6,0.7,0.818,0.6,1.7,2.3,0.9,0.5,0,0.3,1.2,5.7,Kansas State,1836090
Detroit Pistons,Kevin Knox,PF,23,42,1,14.1,2,4.3,0.469,1,2.8,0.371,1,1.5,0.651,0.589,0.6,0.8,0.788,0.5,2.1,2.6,0.4,0.3,0.3,0.8,1.8,5.6,Kentucky,3000000
Detroit Pistons,Jared Rhoden,NA,23,14,0,14.1,1.2,3.1,0.386,0.4,1.4,0.25,0.9,1.7,0.5,0.443,0.4,0.4,1,0.8,1.9,2.6,0.3,0.3,0.1,0.2,1.6,3.2,No College/Unknown,NA
Detroit Pistons,Nerlens Noel,NA,28,14,3,10.9,0.9,2.1,0.4,0.1,0.1,0.5,0.8,2,0.393,0.417,0.5,0.7,0.7,0.5,2.1,2.6,0.5,0.9,0.6,0.6,1.8,2.3,No College/Unknown,9240000
Detroit Pistons,Buddy Boeheim,NA,23,10,0,9,0.5,2.7,0.185,0.4,2.5,0.16,0.1,0.2,0.5,0.259,0.2,0.2,1,0.2,0.4,0.6,0.4,0.2,0,0,0.6,1.6,No College/Unknown,NA
Golden State Warriors,Stephen Curry,PG,34,56,56,34.7,10,20.2,0.493,4.9,11.4,0.427,5.1,8.8,0.579,0.614,4.6,5,0.915,0.7,5.4,6.1,6.3,0.9,0.4,3.2,2.1,29.4,Davidson,48070014
Golden State Warriors,Klay Thompson,SF,32,69,69,33,7.9,18.1,0.436,4.4,10.6,0.412,3.6,7.6,0.47,0.556,1.7,1.9,0.879,0.6,3.6,4.1,2.4,0.7,0.4,1.8,1.9,21.9,Washington State,40600080
Golden State Warriors,Andrew Wiggins,SF,27,37,37,32.2,6.8,14.3,0.473,2.4,6.1,0.396,4.4,8.2,0.53,0.557,1.2,1.9,0.611,1.6,3.4,5,2.3,1.2,0.8,1.3,2.9,17.1,Kansas,33616770
Golden State Warriors,Draymond Green,PF,32,73,73,31.5,3.4,6.5,0.527,0.5,1.8,0.305,2.9,4.7,0.612,0.57,1.1,1.5,0.713,0.9,6.3,7.2,6.8,1,0.8,2.8,3.1,8.5,Michigan State,25806468
Golden State Warriors,Jordan Poole,PG,23,82,43,30,6.7,15.6,0.43,2.6,7.8,0.336,4.1,7.8,0.524,0.514,4.4,5.1,0.87,0.4,2.4,2.7,4.5,0.8,0.3,3.1,2.6,20.4,Michigan,3901399
Golden State Warriors,Donte DiVincenzo,SG,26,72,36,26.3,3.3,7.5,0.435,2.1,5.3,0.397,1.2,2.3,0.525,0.574,0.8,1,0.817,1.1,3.4,4.5,3.5,1.3,0.1,1.6,1.8,9.4,Villanova,4500000
Golden State Warriors,Kevon Looney,C,26,82,70,23.9,3,4.7,0.63,0,0,0,3,4.7,0.632,0.63,1.1,1.9,0.606,3.3,5.9,9.3,2.5,0.6,0.6,0.5,2.7,7,UCLA,8000000
Golden State Warriors,Jonathan Kuminga,PF,20,67,16,20.8,3.9,7.4,0.525,0.8,2.2,0.37,3.1,5.2,0.59,0.579,1.3,2.1,0.652,1,2.4,3.4,1.9,0.6,0.5,1.4,2.3,9.9,No College/Unknown,5739840
Golden State Warriors,Anthony Lamb,SF,25,62,4,19.3,2.4,5.1,0.471,1.2,3.2,0.367,1.2,1.9,0.652,0.588,0.7,1,0.767,0.9,2.6,3.5,1.5,0.5,0.3,0.9,2.2,6.7,University of Vermont,253254
Golden State Warriors,Ty Jerome,NA,25,45,2,18.1,2.6,5.4,0.488,0.8,2,0.389,1.8,3.4,0.546,0.56,0.8,0.9,0.927,0.2,1.6,1.7,3,0.5,0.1,0.7,1.4,6.9,No College/Unknown,4220057
Golden State Warriors,Andre Iguodala,PF,39,8,0,14.1,0.9,1.9,0.467,0.1,1.1,0.111,0.8,0.8,1,0.5,0.3,0.4,0.667,0.4,1.8,2.1,2.4,0.5,0.4,1.1,1.4,2.1,Arizona,1836090
Golden State Warriors,JaMychal Green,PF,32,57,1,14,2.4,4.4,0.54,0.7,1.9,0.378,1.6,2.5,0.667,0.623,0.9,1.2,0.776,1.3,2.3,3.6,0.9,0.4,0.4,0.9,1.8,6.4,Alabama,10036090
Golden State Warriors,Moses Moody,SG,20,63,3,13,1.7,3.6,0.476,0.8,2.1,0.363,0.9,1.5,0.641,0.584,0.6,0.8,0.698,0.4,1.2,1.7,0.8,0.3,0.1,0.5,0.9,4.8,Arkansas,3740160
Golden State Warriors,James Wiseman,C,21,21,0,12.5,2.8,4.5,0.628,0,0.1,0.5,2.8,4.4,0.63,0.633,1.2,1.8,0.684,0.9,2.6,3.5,0.7,0.1,0.3,0.7,1.9,6.9,Memphis,9603360
Golden State Warriors,Patrick Baldwin Jr.,SF,20,31,0,7.3,1.4,3.5,0.394,1,2.7,0.381,0.4,0.8,0.44,0.541,0.1,0.2,0.667,0,1.3,1.3,0.4,0.2,0.1,0.4,0.5,3.9,UW-Milwaukee,2226000
Golden State Warriors,Ryan Rollins,PG,20,12,0,5.2,0.6,1.7,0.35,0.3,0.8,0.333,0.3,0.9,0.364,0.425,0.5,0.5,1,0.3,0.8,1,0.5,0.1,0.1,1.3,0.8,1.9,Toledo,1017781
Houston Rockets,Kevin Porter Jr.,PG,22,59,59,34.3,6.6,15,0.442,2.4,6.5,0.366,4.2,8.5,0.501,0.522,3.5,4.5,0.784,1.3,4,5.3,5.7,1.4,0.3,3.2,2.6,19.2,USC,3217631
Houston Rockets,Jalen Green,SG,20,76,76,34.2,7.4,17.9,0.416,2.5,7.3,0.338,5,10.6,0.471,0.485,4.8,6.1,0.786,0.6,3.2,3.7,3.7,0.8,0.2,2.6,1.7,22.1,No College/Unknown,9441840
Houston Rockets,Jabari Smith Jr.,PF,19,79,79,31,4.6,11.3,0.408,1.5,4.9,0.307,3.1,6.3,0.487,0.475,2.1,2.6,0.786,1.5,5.7,7.2,1.3,0.5,0.9,1.3,2.9,12.8,Auburn,8882640
Houston Rockets,Eric Gordon,SG,34,47,47,30.2,4.5,10.2,0.439,1.8,5.2,0.347,2.7,5,0.536,0.528,2.3,2.9,0.815,0.3,1.8,2.1,2.9,0.6,0.4,1.8,1,13.1,Indiana,19568360
Houston Rockets,Alperen Şengün,C,20,75,72,28.9,5.9,10.7,0.553,0.3,0.8,0.333,5.6,9.9,0.57,0.565,2.7,3.8,0.715,3.2,5.8,9,3.9,0.9,0.9,2.6,3.4,14.8,No College/Unknown,3375360
Houston Rockets,Kenyon Martin Jr.,SF,22,82,49,28,5,8.8,0.569,0.8,2.6,0.315,4.2,6.1,0.679,0.617,1.8,2.7,0.68,1.5,4,5.5,1.5,0.5,0.4,1.1,1.8,12.7,No College/Unknown,1782621
Houston Rockets,Jae'Sean Tate,SF,27,31,7,21.8,3.5,7.4,0.48,0.4,1.5,0.283,3.1,5.9,0.53,0.509,1.6,2.2,0.725,1.3,2.5,3.8,2.7,0.7,0.2,1.5,3.4,9.1,Ohio State,7065217
Houston Rockets,Tari Eason,PF,21,82,5,21.5,3.6,8,0.448,0.7,2.1,0.343,2.9,6,0.486,0.493,1.3,1.8,0.752,2.4,3.7,6,1.1,1.2,0.6,1.2,2.3,9.3,LSU,3359160
Houston Rockets,Daishen Nix,PG,20,57,7,16,1.4,4.2,0.342,0.7,2.5,0.286,0.7,1.7,0.423,0.426,0.4,0.6,0.667,0.3,1.4,1.7,2.3,0.5,0.1,1.5,1,4,No College/Unknown,1563518
Houston Rockets,TyTy Washington Jr.,PG,21,31,2,14,1.9,5.2,0.363,0.6,2.6,0.238,1.3,2.6,0.488,0.422,0.3,0.6,0.556,0.1,1.4,1.5,1.5,0.5,0.1,0.5,0.9,4.7,Kentucky,2210040
Houston Rockets,Garrison Mathews,SG,26,45,0,13.4,1.3,3.8,0.353,1.2,3.4,0.342,0.2,0.3,0.467,0.509,0.9,1,0.911,0.2,1.2,1.4,0.5,0.5,0.1,0.4,1.2,4.8,Lipscomb,2000000
Houston Rockets,Usman Garuba,C,20,75,1,12.9,1.1,2.4,0.486,0.3,0.8,0.407,0.8,1.6,0.525,0.554,0.4,0.6,0.617,1.6,2.5,4.1,0.9,0.6,0.4,0.6,1.8,3,No College/Unknown,2471160
Houston Rockets,Josh Christopher,SG,21,64,2,12.3,2.4,5.1,0.465,0.3,1.4,0.236,2.1,3.8,0.55,0.497,0.7,0.9,0.75,0.3,0.8,1.1,1.1,0.5,0.2,0.9,0.9,5.8,Arizona State,2372160
Houston Rockets,Bruno Fernando,C,24,31,4,11.7,1.5,3,0.516,0,0,0,1.5,3,0.522,0.516,1,1.4,0.682,1.5,2.4,3.9,1,0.2,1,0.6,2.2,4.1,Maryland,2717391
Houston Rockets,Frank Kaminsky,C,29,10,0,5.9,0.6,1.9,0.316,0.2,1,0.2,0.4,0.9,0.444,0.368,0.4,0.4,1,0.4,1.2,1.6,1.1,0.1,0.3,0,0.1,1.8,Wisconsin,1836090
Houston Rockets,Boban Marjanović,C,34,31,0,5.5,1.3,1.9,0.683,0,0,0,1.3,1.9,0.695,0.683,0.6,0.9,0.741,0.6,1.3,1.9,0.3,0.2,0.1,0.5,0.3,3.3,No College/Unknown,4101478
Indiana Pacers,Tyrese Haliburton,PG,22,56,56,33.6,7.4,15,0.49,2.9,7.2,0.4,4.5,7.8,0.572,0.586,3.1,3.6,0.871,0.6,3.1,3.7,10.4,1.6,0.4,2.5,1.2,20.7,Iowa State,4215120
Indiana Pacers,Buddy Hield,SF,30,80,73,31,5.9,13,0.458,3.6,8.5,0.425,2.3,4.5,0.518,0.596,1.3,1.6,0.822,0.8,4.2,5,2.8,1.2,0.3,1.7,2,16.8,Oklahoma,21177750
Indiana Pacers,Myles Turner,C,26,62,62,29.4,6.5,11.8,0.548,1.5,4,0.373,5,7.8,0.638,0.612,3.5,4.5,0.783,1.4,6.1,7.5,1.4,0.6,2.3,1.7,3.5,18,Texas,35069500
Indiana Pacers,Bennedict Mathurin,SG,20,78,17,28.5,5.3,12.2,0.434,1.3,4,0.323,4,8.2,0.488,0.487,4.8,5.8,0.828,1.1,3,4.1,1.5,0.6,0.2,1.9,2.1,16.7,Arizona,6586800
Indiana Pacers,Andrew Nembhard,SG,23,75,63,27.6,3.8,8.6,0.441,1.2,3.5,0.35,2.6,5.1,0.504,0.512,0.7,0.8,0.79,0.5,2.2,2.7,4.5,0.9,0.2,1.7,2.4,9.5,Gonzaga,2244111
Indiana Pacers,Aaron Nesmith,SF,23,73,60,24.9,3.5,8.1,0.427,1.6,4.3,0.366,1.9,3.8,0.496,0.525,1.6,1.9,0.838,0.8,2.9,3.8,1.3,0.8,0.5,1,3.2,10.1,Vanderbilt,3804360
Indiana Pacers,Jordan Nwora,SF,24,24,11,24.6,4.9,10.3,0.476,1.9,4.5,0.422,3,5.8,0.518,0.569,1.3,1.8,0.721,0.9,3.8,4.7,2.1,0.5,0.3,1.3,1.7,13,Louisville,2800000
Indiana Pacers,T.J. McConnell,PG,30,75,6,20.3,3.8,6.9,0.543,0.3,0.8,0.441,3.4,6.2,0.556,0.568,0.8,0.9,0.853,0.6,2.5,3.1,5.3,1.1,0.1,1.9,1.4,8.7,Arizona,8100000
Indiana Pacers,Chris Duarte,SF,25,46,12,19.5,2.7,7.2,0.369,1.2,3.8,0.316,1.5,3.5,0.428,0.452,1.3,1.6,0.847,0.4,2.1,2.5,1.4,0.5,0.2,0.9,1.4,7.9,Oregon,3936960
Indiana Pacers,Jalen Smith,C,22,68,31,18.8,3.6,7.5,0.476,0.8,2.8,0.283,2.8,4.7,0.593,0.53,1.5,2,0.759,1.9,3.9,5.8,1,0.3,0.9,1.1,2.3,9.4,Maryland,4670160
Indiana Pacers,Oshae Brissett,PF,24,65,2,16.7,1.9,4.9,0.386,0.7,2.4,0.31,1.2,2.5,0.457,0.461,1.6,2.2,0.717,1,2.4,3.4,0.7,0.5,0.2,0.5,1.2,6.1,Syracuse,1846738
Indiana Pacers,Isaiah Jackson,C,21,63,12,16.5,2.8,5,0.563,0,0.2,0.143,2.8,4.8,0.582,0.566,1.5,2.3,0.651,1.8,2.7,4.5,0.8,0.5,1.5,0.8,2.4,7.2,Kentucky,2573760
Indiana Pacers,George Hill,SG,36,11,1,15.1,1.7,3.1,0.559,1,1.9,0.524,0.7,1.2,0.615,0.721,0.7,0.8,0.889,0.2,1.5,1.6,1.9,0.6,0.3,0.6,1.3,5.2,IUPUI,4000000
Indiana Pacers,Goga Bitadze,C,23,21,0,9.6,1.3,2.5,0.519,0.2,0.7,0.286,1.1,1.8,0.605,0.558,0.5,1.1,0.458,1.2,1.1,2.3,0.9,0.4,0.5,0.6,1.6,3.3,No College/Unknown,5377520
Indiana Pacers,James Johnson,PF,35,18,1,9,1.2,2.7,0.449,0.2,0.8,0.2,1.1,1.9,0.559,0.48,0.2,0.4,0.5,0.2,1.4,1.7,0.8,0.4,0.3,0.4,1.8,2.8,Wake Forest,2427016
Indiana Pacers,Terry Taylor,NA,23,26,2,8.8,1.2,2.5,0.462,0.2,0.7,0.222,1,1.8,0.553,0.492,0.2,0.3,0.714,0.8,0.7,1.5,0.4,0.1,0.2,0.3,0.9,2.7,No College/Unknown,1563518
LA Clippers,Paul George,SF,32,56,56,34.6,8.2,17.9,0.457,2.8,7.6,0.371,5.4,10.3,0.521,0.536,4.6,5.3,0.871,0.8,5.3,6.1,5.1,1.5,0.4,3.1,2.8,23.8,Fresno State,42492492
LA Clippers,Kawhi Leonard,SF,31,52,50,33.6,8.6,16.8,0.512,2,4.8,0.416,6.6,11.9,0.551,0.572,4.7,5.4,0.871,1.1,5.4,6.5,3.9,1.4,0.5,1.7,1.6,23.8,San Diego State,42492492
LA Clippers,Russell Westbrook,PG,34,21,21,30.2,6.1,12.5,0.489,1.2,3.5,0.356,4.9,9,0.54,0.538,2.4,3.6,0.658,1.4,3.4,4.9,7.6,1.1,0.5,3.4,2,15.8,UCLA,47559433
LA Clippers,Ivica Zubac,C,25,76,76,28.6,4.3,6.8,0.634,0,0,0,4.3,6.7,0.637,0.634,2.2,3.1,0.697,3.1,6.8,9.9,1,0.4,1.3,1.5,2.9,10.8,No College/Unknown,10123457
LA Clippers,Marcus Morris,PF,33,65,65,28.1,4.2,9.9,0.426,1.7,4.7,0.364,2.5,5.2,0.484,0.513,1,1.3,0.782,0.4,3.5,4,1.8,0.6,0.3,0.9,2.1,11.2,Kansas,16372093
LA Clippers,Norman Powell,SG,29,60,8,26.1,5.7,11.8,0.479,1.9,4.8,0.397,3.8,7.1,0.534,0.559,3.8,4.6,0.812,0.4,2.5,2.9,1.8,0.8,0.3,1.7,2.1,17,UCLA,16758621
LA Clippers,Reggie Jackson,PG,32,52,38,25.7,4.1,9.8,0.418,1.5,4.2,0.35,2.6,5.6,0.469,0.493,1.2,1.3,0.924,0.4,1.8,2.2,3.5,0.7,0.1,1.8,1.8,10.9,Boston College,11795633
LA Clippers,Eric Gordon,SG,34,22,11,24.9,3.7,8,0.463,2.1,5,0.423,1.5,2.9,0.531,0.597,1.5,1.7,0.842,0.2,1.5,1.7,2.1,0.6,0.4,1,1.5,11,Indiana,19568360
LA Clippers,Terance Mann,SG,26,81,36,23.1,3.4,6.5,0.519,1,2.4,0.389,2.4,4,0.598,0.593,1.1,1.5,0.78,1,2.5,3.4,2.3,0.5,0.3,1,1.8,8.8,Florida State,1930681
LA Clippers,John Wall,NA,32,34,3,22.2,4.1,9.9,0.408,1,3.2,0.303,3.1,6.7,0.459,0.457,2.3,3.3,0.681,0.4,2.3,2.7,5.2,0.8,0.4,2.4,1.7,11.4,No College/Unknown,47345760
LA Clippers,Nicolas Batum,PF,34,78,19,21.9,2.1,4.9,0.42,1.6,4.1,0.391,0.5,0.8,0.563,0.583,0.4,0.6,0.708,0.8,3,3.8,1.6,0.7,0.6,0.6,1.9,6.1,No College/Unknown,19700319
LA Clippers,Luke Kennard,SG,26,35,11,20.7,2.8,6,0.464,1.7,3.8,0.447,1.1,2.3,0.494,0.604,0.5,0.6,0.95,0.2,2.2,2.4,1.1,0.5,0.1,0.9,1.3,7.8,Duke,14415545
LA Clippers,Mason Plumlee,C,32,23,4,19.9,2.8,3.8,0.727,0,0,NA,2.8,3.8,0.727,0.727,1.9,2.5,0.772,1.8,5.1,6.9,1.7,0.5,0.5,1.3,2.4,7.5,Duke,9080417
LA Clippers,Bones Hyland,PG,22,14,0,18.9,3.9,9.8,0.401,1.9,5.3,0.351,2.1,4.5,0.46,0.496,1.1,1.4,0.75,0.7,2.8,3.5,3.4,0.8,0.1,1.1,2.1,10.8,VCU,2201520
LA Clippers,Robert Covington,PF,32,48,0,16.2,2.1,4.8,0.445,1.1,2.8,0.397,1,1.9,0.516,0.563,0.6,0.8,0.75,0.6,2.8,3.5,1.2,0.8,0.7,0.7,1.8,6,Tennessee State,12307692
LA Clippers,Amir Coffey,SF,25,50,9,12.5,1.1,2.9,0.386,0.2,0.8,0.275,0.9,2.1,0.429,0.424,1,1.3,0.778,0.3,0.7,1.1,1.1,0.1,0.1,0.4,1,3.4,Minnesota,3395062
LA Clippers,Brandon Boston Jr.,SF,21,22,1,11.3,2.3,5.5,0.418,0.5,1.3,0.414,1.8,4.2,0.419,0.467,1.3,1.7,0.763,0.3,1,1.4,0.9,0.4,0,0.5,1,6.5,Kentucky,1563518
LA Clippers,Moussa Diabaté,NA,21,22,1,8.9,1.1,2.1,0.511,0,0.1,0.5,1,2,0.511,0.521,0.5,0.7,0.625,1.4,0.9,2.3,0.2,0.3,0.4,0.4,0.7,2.7,No College/Unknown,NA
LA Clippers,Jason Preston,PG,23,14,0,8.9,1.3,2.9,0.439,0.4,1.3,0.278,0.9,1.6,0.565,0.5,0,0.1,0,0.1,1.4,1.6,1.9,0.1,0,0.7,0.5,2.9,Ohio University,1563518
LA Clippers,Moses Brown,NA,23,34,1,8.5,1.8,2.8,0.635,0,0,NA,1.8,2.8,0.635,0.635,1,2.1,0.458,1.7,2.4,4.1,0.1,0.1,0.4,0.4,1.1,4.6,No College/Unknown,NA
LA Lakers,LeBron James,PF,38,55,54,35.5,11.1,22.2,0.5,2.2,6.9,0.321,8.9,15.3,0.58,0.549,4.6,5.9,0.768,1.2,7.1,8.3,6.8,0.9,0.6,3.2,1.6,28.9,No College/Unknown,44474988
LA Lakers,Anthony Davis,C,29,56,54,34,9.7,17.2,0.563,0.3,1.3,0.257,9.3,15.9,0.589,0.573,6.2,7.9,0.784,3.5,9.1,12.5,2.6,1.1,2,2.2,2.6,25.9,Kentucky,37980720
LA Lakers,D'Angelo Russell,PG,26,17,17,30.9,6.3,13,0.484,2.7,6.5,0.414,3.6,6.5,0.555,0.588,2.1,2.9,0.735,0.4,2.5,2.9,6.1,0.6,0.5,2.3,1.4,17.4,Ohio State,31377750
LA Lakers,Dennis Schröder,PG,29,66,50,30.1,4.1,9.8,0.415,1.1,3.4,0.329,3,6.4,0.461,0.472,3.3,3.8,0.857,0.3,2.2,2.5,4.5,0.8,0.2,1.7,2.2,12.6,No College/Unknown,1836090
LA Lakers,Austin Reaves,SG,24,64,22,28.8,4,7.7,0.529,1.3,3.4,0.398,2.7,4.3,0.631,0.616,3.6,4.1,0.864,0.5,2.5,3,3.4,0.5,0.3,1.5,1.7,13,Oklahoma,1563518
LA Lakers,Russell Westbrook,PG,34,52,3,28.7,5.8,14,0.417,1.2,4.1,0.296,4.6,9.9,0.467,0.46,3,4.6,0.655,1.1,5,6.2,7.5,1,0.4,3.5,2.3,15.9,UCLA,47559433
LA Lakers,Patrick Beverley,PG,34,45,45,26.9,2.2,5.4,0.402,1.2,3.5,0.348,0.9,1.8,0.506,0.517,0.9,1.1,0.78,0.5,2.6,3.1,2.6,0.9,0.6,0.9,2.8,6.4,Arkansas,13506508
LA Lakers,Troy Brown Jr.,SF,23,76,45,24.5,2.6,6.1,0.43,1.4,3.7,0.381,1.2,2.4,0.505,0.545,0.4,0.5,0.872,0.8,3.2,4.1,1.3,0.8,0.2,0.6,1.6,7.1,Oregon,1836090
LA Lakers,Jarred Vanderbilt,PF,23,26,24,24,2.8,5.4,0.529,0.4,1.3,0.303,2.5,4.1,0.598,0.564,1.1,1.4,0.784,1.9,4.8,6.7,1.6,1.2,0.2,1.1,2.2,7.2,Kentucky,4374000
LA Lakers,Malik Beasley,SG,26,26,14,23.9,4,10.3,0.392,2.5,7.2,0.353,1.5,3.1,0.481,0.515,0.5,0.8,0.619,0.3,3,3.3,1.2,0.8,0,1.2,1.2,11.1,Florida State,15558035
LA Lakers,Lonnie Walker IV,SG,24,56,32,23.2,4.2,9.4,0.448,1.6,4.4,0.365,2.6,5,0.522,0.534,1.6,1.9,0.858,0.3,1.7,1.9,1.1,0.5,0.3,0.8,1.3,11.7,Miami (FL),6479000
LA Lakers,Rui Hachimura,PF,24,33,9,22.4,3.8,7.9,0.485,0.6,2.2,0.296,3.2,5.7,0.556,0.525,1.3,1.8,0.721,1,3.7,4.7,0.7,0.2,0.4,0.5,1,9.6,Gonzaga,6263188
LA Lakers,Thomas Bryant,C,25,41,25,21.4,4.8,7.3,0.654,0.5,1.2,0.44,4.3,6.1,0.697,0.691,2,2.6,0.741,1.6,5.2,6.8,0.7,0.3,0.6,0.7,1.9,12.1,Indiana,1836090
LA Lakers,Wenyen Gabriel,C,25,68,2,15.1,2.3,3.8,0.596,0.1,0.5,0.278,2.1,3.3,0.647,0.615,0.8,1.2,0.619,1.7,2.5,4.2,0.5,0.4,0.5,0.7,2.1,5.5,Kentucky,1878720
LA Lakers,Kendrick Nunn,SG,27,39,2,13.5,2.6,6.4,0.406,1.1,3.2,0.325,1.6,3.2,0.488,0.488,0.4,0.5,0.81,0.1,1.3,1.4,0.9,0.3,0.1,0.8,0.9,6.7,Oakland,5250000
LA Lakers,Max Christie,SG,19,41,3,12.5,1.1,2.6,0.415,0.6,1.5,0.419,0.4,1.1,0.409,0.538,0.3,0.4,0.875,0.2,1.7,1.8,0.5,0.2,0.2,0.3,0.8,3.1,Michigan State,1017781
LA Lakers,Juan Toscano-Anderson,SF,29,30,7,12.2,1.1,2.2,0.5,0.1,0.7,0.2,1,1.5,0.63,0.53,0.4,0.5,0.733,0.5,1.6,2,0.8,0.3,0.2,0.6,1.5,2.7,Marquette,1836090
LA Lakers,Matt Ryan,NA,25,12,0,10.8,1.3,4.1,0.306,1.1,2.9,0.371,0.2,1.2,0.143,0.439,0.3,0.4,0.8,0.2,1,1.2,0.3,0.2,0,0.3,1.2,3.9,No College/Unknown,NA
LA Lakers,Mo Bamba,C,24,9,1,9.8,1.2,3,0.407,0.6,1.8,0.313,0.7,1.2,0.545,0.5,0.7,1.2,0.545,1.2,3.3,4.6,0.4,0.1,0.6,0.9,2.1,3.7,Texas,10300000
LA Lakers,Damian Jones,C,27,22,1,8,0.9,1.7,0.541,0,0.1,0,0.9,1.5,0.588,0.541,0.7,0.9,0.75,0.8,1.7,2.5,0.2,0.1,0.5,0.4,0.8,2.5,Vanderbilt,2298385
Memphis Grizzlies,Ja Morant,PG,23,61,59,31.9,9.3,19.9,0.466,1.5,4.9,0.307,7.8,15,0.519,0.504,6.1,8.1,0.748,1,4.9,5.9,8.1,1.1,0.3,3.4,1.6,26.2,Murray State,12119440
Memphis Grizzlies,Desmond Bane,SG,24,58,58,31.7,7.8,16.2,0.479,2.9,7,0.408,4.9,9.2,0.534,0.568,3.1,3.5,0.883,0.7,4.3,5,4.4,1,0.4,2.2,2.6,21.5,TCU,2130240
Memphis Grizzlies,Dillon Brooks,SF,27,73,73,30.3,5.4,13.6,0.396,2,6,0.326,3.4,7.6,0.451,0.468,1.6,2.1,0.779,0.6,2.7,3.3,2.6,0.9,0.2,1.4,3.3,14.3,Oregon,11400000
Memphis Grizzlies,Jaren Jackson Jr.,C,23,63,63,28.4,6.6,13,0.506,1.6,4.5,0.355,5,8.6,0.585,0.567,3.8,4.9,0.788,1.7,5,6.8,1,1,3,1.7,3.6,18.6,Michigan State,28946605
Memphis Grizzlies,Steven Adams,C,29,42,42,27,3.7,6.3,0.597,0,0,0,3.7,6.2,0.599,0.597,1.1,3.1,0.364,5.1,6.5,11.5,2.3,0.9,1.1,1.9,2.3,8.6,Pitt,17926829
Memphis Grizzlies,Luke Kennard,SG,26,24,3,24.6,3.8,7.1,0.526,3.1,5.7,0.54,0.7,1.4,0.471,0.743,0.8,0.8,0.947,0.4,2.8,3.1,2.3,0.5,0,0.7,1.5,11.3,Duke,14415545
Memphis Grizzlies,Tyus Jones,PG,26,80,22,24.3,3.9,8.9,0.438,1.5,4.1,0.371,2.4,4.8,0.495,0.523,1,1.3,0.8,0.4,2.2,2.5,5.2,1,0.1,0.9,0.4,10.3,Duke,15000000
Memphis Grizzlies,Santi Aldama,PF,22,77,20,21.8,3.2,6.8,0.47,1.2,3.5,0.353,2,3.4,0.591,0.56,1.4,1.9,0.75,1.1,3.7,4.8,1.3,0.6,0.6,0.8,1.9,9,Loyola (MD),2094120
Memphis Grizzlies,John Konchar,SF,26,72,23,20.8,1.9,4.4,0.431,0.8,2.5,0.339,1.1,2,0.545,0.525,0.4,0.5,0.778,0.9,3.4,4.3,1.4,1.1,0.3,0.5,1.6,5.1,Purdue-Fort Wayne,2300000
Memphis Grizzlies,Brandon Clarke,PF,26,56,8,19.5,4.1,6.2,0.656,0,0.1,0.167,4.1,6.1,0.665,0.658,1.8,2.4,0.723,1.6,3.9,5.5,1.3,0.6,0.7,1,2.3,10,Gonzaga,4343920
Memphis Grizzlies,Xavier Tillman Sr.,C,24,61,29,19.3,3.1,5,0.614,0.1,0.2,0.267,3,4.8,0.632,0.621,0.8,1.5,0.551,2,3,5,1.6,1,0.5,0.7,1.6,7,Michigan State,1782621
Memphis Grizzlies,David Roddy,PF,21,70,4,18,2.6,6,0.429,0.9,3,0.307,1.6,3,0.553,0.506,0.6,0.9,0.631,0.7,2,2.8,0.8,0.4,0.3,0.8,1.5,6.7,Colorado State,2588640
Memphis Grizzlies,Ziaire Williams,SF,21,37,4,15.2,2.3,5.3,0.429,0.7,2.6,0.258,1.6,2.7,0.596,0.492,0.5,0.6,0.773,0.4,1.7,2.1,0.9,0.4,0.2,1,1.6,5.7,Stanford,4591680
Memphis Grizzlies,Jake LaRavia,PF,21,35,0,11.8,1.1,2.7,0.389,0.7,2,0.338,0.4,0.7,0.542,0.516,0.2,0.3,0.778,0.5,1.3,1.8,0.6,0.3,0.1,0.5,1.4,3,Wake Forest,3047640
Memphis Grizzlies,Kennedy Chandler,NA,20,36,0,7.8,1,2.3,0.422,0.1,0.4,0.133,0.9,1.9,0.485,0.434,0.2,0.4,0.462,0.3,0.8,1.1,1.6,0.3,0.1,0.5,0.4,2.2,No College/Unknown,1200000
Memphis Grizzlies,Kenneth Lofton Jr.,PF,20,24,1,7.3,2,3.9,0.527,0.3,0.7,0.353,1.8,3.2,0.566,0.559,0.7,1.1,0.593,0.8,1.3,2.1,0.8,0.2,0.1,0.5,1.2,5,Louisiana Tech,NA
Memphis Grizzlies,Vince Williams Jr.,NA,22,15,1,7,0.8,2.7,0.3,0.3,1.9,0.143,0.5,0.8,0.667,0.35,0.1,0.1,1,0.3,0.7,1,0.3,0.4,0.1,0.3,0.8,2,No College/Unknown,NA
Miami Heat,Tyler Herro,SG,23,67,67,34.9,7.3,16.6,0.439,3,8,0.378,4.2,8.5,0.497,0.531,2.5,2.7,0.934,0.4,5,5.4,4.2,0.8,0.2,2.4,1.5,20.1,Kentucky,5722116
Miami Heat,Bam Adebayo,C,25,75,75,34.6,8,14.9,0.54,0,0.2,0.083,8,14.7,0.545,0.541,4.3,5.4,0.806,2.5,6.7,9.2,3.2,1.2,0.8,2.5,2.8,20.4,Kentucky,30351780
Miami Heat,Jimmy Butler,PF,33,64,64,33.4,7.5,13.9,0.539,0.6,1.6,0.35,6.9,12.3,0.564,0.56,7.4,8.7,0.85,2.2,3.7,5.9,5.3,1.8,0.3,1.6,1.3,22.9,Marquette,37653300
Miami Heat,Kyle Lowry,PG,36,55,44,31.2,3.6,8.8,0.404,1.9,5.6,0.345,1.6,3.2,0.509,0.514,2.1,2.5,0.859,0.8,3.3,4.1,5.1,1,0.4,1.9,2.6,11.2,Villanova,28333334
Miami Heat,Caleb Martin,SF,27,71,49,29.3,3.6,7.7,0.464,1.2,3.3,0.356,2.4,4.4,0.545,0.54,1.3,1.6,0.805,1.2,3.6,4.8,1.6,1,0.4,1.1,2,9.6,Nevada,6479000
Miami Heat,Max Strus,SF,26,80,33,28.4,4.1,9.9,0.41,2.5,7,0.35,1.6,2.8,0.559,0.535,1,1.1,0.876,0.6,2.6,3.2,2.1,0.5,0.2,0.9,2.1,11.5,DePaul,1815677
Miami Heat,Victor Oladipo,SG,30,42,2,26.3,3.8,9.6,0.397,1.7,5,0.33,2.1,4.5,0.471,0.484,1.4,1.9,0.747,0.4,2.7,3,3.5,1.4,0.3,2.1,2.4,10.7,Indiana,8750000
Miami Heat,Gabe Vincent,PG,26,68,34,25.9,3.4,8.3,0.402,1.7,5.1,0.334,1.6,3.2,0.512,0.505,1,1.1,0.872,0.4,1.7,2.1,2.5,0.9,0.1,1.4,2.3,9.4,UC Santa Barbara,1815677
Miami Heat,Kevin Love,PF,34,21,17,20,2.6,6.6,0.388,1.4,4.8,0.297,1.1,1.8,0.632,0.496,1.1,1.3,0.857,0.8,4.9,5.7,1.9,0.4,0.2,1.1,1.5,7.7,UCLA,32056968
Miami Heat,Haywood Highsmith,PF,26,54,11,17.9,1.7,4,0.431,0.7,2,0.339,1,2,0.523,0.516,0.2,0.5,0.464,1.1,2.4,3.5,0.8,0.7,0.3,0.8,1.5,4.4,Wheeling University,1752638
Miami Heat,Duncan Robinson,SF,28,42,1,16.5,2.1,5.6,0.371,1.5,4.6,0.328,0.6,1.1,0.556,0.504,0.7,0.8,0.906,0.2,1.5,1.6,1.1,0.3,0,0.7,1.8,6.4,Michigan,16902000
Miami Heat,Cody Zeller,C,30,15,2,14.5,2.5,3.9,0.627,0,0.1,0,2.5,3.8,0.649,0.627,1.6,2.3,0.686,1.7,2.6,4.3,0.7,0.2,0.3,0.9,2.2,6.5,Indiana,517060
Miami Heat,Orlando Robinson,NA,22,31,1,13.7,1.5,2.9,0.528,0,0.2,0,1.5,2.7,0.566,0.528,0.7,1,0.71,1.5,2.5,4.1,0.8,0.4,0.4,0.5,1.7,3.7,No College/Unknown,NA
Miami Heat,Nikola Jović,PF,19,15,8,13.6,1.9,4.6,0.406,0.5,2.3,0.229,1.3,2.3,0.588,0.464,1.2,1.3,0.947,0.6,1.5,2.1,0.7,0.5,0.1,0.7,1.3,5.5,No College/Unknown,2239920
Miami Heat,Jamal Cain,NA,23,18,0,13.3,2.1,3.7,0.561,0.4,1.1,0.35,1.7,2.6,0.652,0.614,0.9,1.2,0.773,0.8,2.1,2.9,0.7,0.6,0.1,0.3,1.2,5.4,No College/Unknown,NA
Miami Heat,Dewayne Dedmon,C,33,30,0,11.7,2.1,4.3,0.496,0.4,1.2,0.297,1.8,3.1,0.576,0.539,1.1,1.5,0.727,0.9,2.7,3.6,0.5,0.2,0.5,0.6,2,5.7,USC,8147040
Miami Heat,Omer Yurtseven,C,24,9,0,9.2,1.8,3,0.593,0.3,0.8,0.429,1.4,2.2,0.65,0.648,0.6,0.7,0.833,0.9,1.7,2.6,0.2,0.2,0.2,0.4,1.8,4.4,Georgetown,1752638
Milwaukee Bucks,Jrue Holiday,PG,32,67,65,32.6,7.3,15.3,0.479,2.4,6.1,0.384,5,9.1,0.542,0.556,2.3,2.6,0.859,1.2,3.9,5.1,7.4,1.2,0.4,2.9,1.7,19.3,UCLA,33665040
Milwaukee Bucks,Giannis Antetokounmpo,PF,28,63,63,32.1,11.2,20.3,0.553,0.7,2.7,0.275,10.5,17.6,0.596,0.572,7.9,12.3,0.645,2.2,9.6,11.8,5.7,0.8,0.8,3.9,3.1,31.1,No College/Unknown,42492492
Milwaukee Bucks,Brook Lopez,C,34,78,78,30.4,6.1,11.5,0.531,1.7,4.7,0.374,4.4,6.9,0.637,0.606,1.9,2.4,0.784,2,4.7,6.7,1.3,0.5,2.5,1.4,2.6,15.9,Stanford,13906976
Milwaukee Bucks,Grayson Allen,SG,27,72,70,27.4,3.4,7.7,0.44,2,5.1,0.399,1.4,2.7,0.518,0.571,1.6,1.8,0.905,0.8,2.4,3.3,2.3,0.9,0.2,1,1.6,10.4,Duke,8500000
Milwaukee Bucks,Bobby Portis,PF,27,70,22,26,5.7,11.5,0.496,1.4,3.7,0.37,4.3,7.8,0.555,0.555,1.4,1.8,0.768,2.2,7.4,9.6,1.5,0.4,0.2,1.2,1.6,14.1,Arkansas,10843350
Milwaukee Bucks,Khris Middleton,SF,31,33,19,24.3,5.4,12.3,0.436,1.5,4.9,0.315,3.8,7.4,0.516,0.499,2.8,3.1,0.902,0.8,3.4,4.2,4.9,0.7,0.2,2.2,2.1,15.1,Texas A&M,37948276
Milwaukee Bucks,Pat Connaughton,SF,30,61,33,23.7,2.7,6.9,0.392,1.8,5.3,0.339,0.9,1.6,0.566,0.521,0.4,0.7,0.659,0.8,3.8,4.6,1.3,0.6,0.2,0.5,1.1,7.6,Notre Dame,5728393
Milwaukee Bucks,Joe Ingles,SF,35,46,0,22.7,2.3,5.4,0.435,1.8,4.4,0.409,0.5,1,0.556,0.603,0.4,0.5,0.857,0.3,2.5,2.8,3.3,0.7,0.1,1.2,1.6,6.9,No College/Unknown,6479000
Milwaukee Bucks,Jevon Carter,PG,27,81,39,22.3,3,7,0.423,1.8,4.2,0.421,1.2,2.8,0.425,0.549,0.4,0.5,0.816,0.4,2.1,2.5,2.4,0.8,0.4,1,2,8,West Virginia,6025000
Milwaukee Bucks,George Hill,SG,36,35,0,19.1,1.7,3.8,0.447,0.7,2.1,0.311,1,1.7,0.621,0.534,1,1.3,0.739,0.4,1.5,1.9,2.5,0.5,0.1,0.8,1.2,5,IUPUI,4000000
Milwaukee Bucks,Jae Crowder,PF,32,18,3,18.9,2.5,5.2,0.479,1.3,3.1,0.436,1.2,2.2,0.538,0.606,0.6,0.7,0.833,0.9,2.9,3.8,1.5,0.7,0.3,0.4,1.5,6.9,Marquette,10183800
Milwaukee Bucks,Wesley Matthews,SF,36,52,0,15.8,1.1,3.1,0.363,0.8,2.4,0.315,0.4,0.7,0.528,0.484,0.5,0.5,0.857,0.7,1.5,2.2,0.7,0.4,0.3,0.3,1.4,3.4,Marquette,1836090
Milwaukee Bucks,Jordan Nwora,SF,24,38,3,15.7,2,5.2,0.386,1.1,2.7,0.392,0.9,2.5,0.379,0.487,1,1.1,0.86,0.8,2.3,3.1,1,0.3,0.2,0.9,0.9,6,Louisville,2800000
Milwaukee Bucks,MarJon Beauchamp,SF,22,52,11,13.5,1.8,4.7,0.395,0.9,2.7,0.331,0.9,1.9,0.485,0.492,0.5,0.7,0.73,0.7,1.5,2.2,0.7,0.4,0.1,0.9,1.4,5.1,Yakima Valley Community College,2485200
Milwaukee Bucks,Meyers Leonard,C,30,9,2,12.7,1.6,3.2,0.483,0.8,2,0.389,0.8,1.2,0.636,0.603,0.9,1,0.889,1.3,2.4,3.8,0.1,0.2,0,0.7,1.8,4.8,Illinois,105522
Milwaukee Bucks,Serge Ibaka,NA,33,16,0,11.6,1.6,3.4,0.481,0.4,1.1,0.333,1.3,2.3,0.556,0.537,0.5,0.8,0.615,0.9,1.8,2.8,0.3,0.1,0.4,0.7,1.4,4.1,No College/Unknown,1836090
Milwaukee Bucks,A.J. Green,NA,23,35,1,9.9,1.5,3.6,0.424,1.3,3,0.419,0.3,0.6,0.45,0.6,0.1,0.1,1,0.2,1.1,1.3,0.6,0.2,0,0.3,0.9,4.4,No College/Unknown,NA
Milwaukee Bucks,Sandro Mamukelashvili,C,23,24,0,9,0.8,2.4,0.328,0.3,1.3,0.219,0.5,1.1,0.462,0.388,0.5,0.8,0.667,0.8,1.6,2.3,0.7,0.2,0.2,0.4,0.8,2.4,Seton Hall,357717
Milwaukee Bucks,Thanasis Antetokounmpo,PF,30,37,0,5.6,0.5,1.2,0.435,0,0.2,0,0.5,1,0.526,0.435,0.3,0.6,0.5,0.4,0.8,1.2,0.4,0.1,0.1,0.3,0.6,1.4,No College/Unknown,1878720
Minnesota Timberwolves,Anthony Edwards,SG,21,79,79,36,8.9,19.5,0.459,2.7,7.3,0.369,6.3,12.2,0.513,0.528,4,5.3,0.756,0.6,5.2,5.8,4.4,1.6,0.7,3.3,2.4,24.6,Georgia,10733400
Minnesota Timberwolves,Karl-Anthony Towns,PF,27,29,29,33,7.3,14.8,0.495,2.1,5.7,0.366,5.2,9.1,0.576,0.565,4.1,4.7,0.874,1.7,6.5,8.1,4.8,0.7,0.6,3,3.8,20.8,Kentucky,33833400
Minnesota Timberwolves,D'Angelo Russell,PG,26,54,54,32.9,6.3,13.5,0.465,2.7,7,0.391,3.5,6.4,0.546,0.567,2.6,3.1,0.856,0.5,2.5,3.1,6.2,1.1,0.4,2.7,2.2,17.9,Ohio State,31377750
Minnesota Timberwolves,Mike Conley,PG,35,24,24,31.4,4.5,9.8,0.46,2.4,5.8,0.42,2.1,4,0.515,0.583,2.6,3,0.863,0.7,2.5,3.1,5,1.2,0.2,1.2,1.9,14,Ohio State,22680000
Minnesota Timberwolves,Rudy Gobert,C,30,70,70,30.7,5.1,7.8,0.659,0,0,0,5.1,7.8,0.663,0.659,3.1,4.9,0.644,3.3,8.3,11.6,1.2,0.8,1.4,1.7,3,13.4,No College/Unknown,38172414
Minnesota Timberwolves,Jaden McDaniels,SF,22,79,79,30.6,4.7,9.1,0.517,1.4,3.4,0.398,3.3,5.7,0.588,0.591,1.3,1.8,0.736,1.2,2.7,3.9,1.9,0.9,1,1.4,3.4,12.1,Washington,2161440
Minnesota Timberwolves,Kyle Anderson,PF,29,69,46,28.4,3.7,7.2,0.509,0.6,1.5,0.41,3,5.7,0.536,0.553,1.4,2,0.735,1,4.4,5.3,4.9,1.1,0.9,1.5,2.1,9.4,UCLA,8780488
Minnesota Timberwolves,Taurean Prince,PF,28,54,4,22.1,3.3,7,0.467,1.4,3.6,0.381,1.9,3.4,0.557,0.565,1.2,1.4,0.844,0.3,2.2,2.4,1.6,0.5,0.3,1.3,2.3,9.1,Baylor,7295000
Minnesota Timberwolves,Austin Rivers,SG,30,52,10,19.5,1.8,4,0.435,0.8,2.4,0.35,0.9,1.7,0.558,0.538,0.6,0.8,0.769,0.1,1.5,1.6,1.4,0.5,0.1,0.4,1.5,4.9,Duke,1836090
Minnesota Timberwolves,Jaylen Nowell,SG,23,65,2,19.3,4.3,9.6,0.448,1,3.6,0.289,3.3,6,0.542,0.502,1.2,1.5,0.778,0.6,2.1,2.6,2,0.6,0.1,1,1.6,10.8,Washington,1930681
Minnesota Timberwolves,Naz Reid,C,23,68,11,18.4,4.6,8.5,0.537,1.1,3.2,0.346,3.5,5.3,0.653,0.602,1.3,1.9,0.677,1.1,3.8,4.9,1.1,0.6,0.8,1.4,2.6,11.5,LSU,1930681
Minnesota Timberwolves,Jordan McLaughlin,PG,26,43,0,15.8,1.4,3.4,0.421,0.6,1.8,0.308,0.9,1.6,0.552,0.503,0.3,0.4,0.833,0.3,1.1,1.4,3.4,0.7,0.1,0.8,0.7,3.7,USC,2160000
Minnesota Timberwolves,Nickeil Alexander-Walker,SG,24,23,0,15.5,2.1,5.4,0.384,1.1,3.1,0.361,1,2.3,0.415,0.488,0.6,0.9,0.619,0.3,1.5,1.8,1.4,0.3,0.3,0.4,1.3,5.9,Virginia Tech,5009633
Minnesota Timberwolves,Bryn Forbes,NA,29,25,0,10.7,1.2,3.3,0.361,0.6,1.8,0.304,0.6,1.5,0.432,0.446,0.6,0.6,1,0.2,0.4,0.6,0.7,0.3,0.1,0.5,0.9,3.6,No College/Unknown,1836090
Minnesota Timberwolves,Luka Garza,NA,24,28,0,8.7,2.3,4.1,0.543,0.5,1.4,0.359,1.8,2.8,0.636,0.603,1.5,1.9,0.788,1.2,1.1,2.3,0.6,0.1,0.1,0.5,1.5,6.5,No College/Unknown,NA
Minnesota Timberwolves,Matt Ryan,NA,25,22,0,8.2,1.1,2.7,0.424,0.9,2.2,0.388,0.3,0.5,0.6,0.585,0.3,0.3,0.857,0.1,0.5,0.5,0.5,0.1,0,0.2,0.6,3.4,No College/Unknown,NA
Minnesota Timberwolves,Nathan Knight,C,25,38,0,7.7,1.2,2.1,0.568,0.2,0.6,0.364,1,1.6,0.644,0.617,1,1.5,0.684,0.6,0.9,1.5,0.3,0.3,0.2,0.6,1.1,3.7,William & Mary,1836090
Minnesota Timberwolves,Josh Minott,SF,20,15,0,6.4,1.2,2.4,0.5,0.1,0.4,0.333,1.1,2,0.533,0.528,0.5,0.5,1,0.3,1.3,1.7,0.3,0.3,0.4,0.2,0.7,3.1,Memphis,1017781
Minnesota Timberwolves,Wendell Moore Jr.,SG,21,29,2,5.3,0.6,1.5,0.419,0.1,0.6,0.118,0.6,0.9,0.615,0.442,0.1,0.2,0.8,0.1,0.5,0.6,0.6,0.3,0.2,0.3,0.4,1.4,Duke,2306520
New Orleans Pelicans,CJ McCollum,SG,31,75,75,35.3,7.8,17.9,0.437,2.8,7.2,0.389,5,10.7,0.469,0.515,2.4,3.2,0.769,0.7,3.6,4.4,5.7,0.9,0.5,2.4,2,20.9,Lehigh,33333333
New Orleans Pelicans,Brandon Ingram,SF,25,45,45,34.2,9,18.6,0.484,1.4,3.6,0.39,7.6,14.9,0.507,0.522,5.3,6,0.882,0.5,5,5.5,5.8,0.7,0.4,3.3,2.6,24.7,Duke,31650600
New Orleans Pelicans,Zion Williamson,PF,22,29,29,33,9.8,16.2,0.608,0.2,0.7,0.368,9.6,15.5,0.618,0.615,6.1,8.6,0.714,2,5,7,4.6,1.1,0.6,3.4,2.2,26,Duke,13534817
New Orleans Pelicans,Trey Murphy III,SF,22,79,65,31,4.9,10.1,0.484,2.6,6.3,0.406,2.3,3.8,0.611,0.61,2.2,2.4,0.905,0.7,2.8,3.6,1.4,1.1,0.5,0.8,2,14.5,Virginia,3206520
New Orleans Pelicans,Herbert Jones,PF,24,66,66,29.6,3.6,7.6,0.469,0.8,2.5,0.335,2.7,5.1,0.536,0.525,1.9,2.4,0.764,1.5,2.6,4.1,2.5,1.6,0.6,1.3,3.2,9.8,Alabama,1785000
New Orleans Pelicans,Jonas Valančiūnas,C,30,79,79,24.9,5.6,10.3,0.547,0.5,1.4,0.349,5.2,8.9,0.577,0.57,2.3,2.8,0.826,2.8,7.3,10.2,1.8,0.3,0.7,2,3.1,14.1,No College/Unknown,14700000
New Orleans Pelicans,Naji Marshall,SF,25,77,21,23.3,3.2,7.4,0.433,0.9,2.8,0.303,2.4,4.6,0.513,0.49,1.8,2.3,0.789,0.6,3,3.6,2.5,0.7,0.2,1.3,1.5,9.1,Xavier,1782621
New Orleans Pelicans,Josh Richardson,SG,29,23,4,23.2,2.7,6.4,0.419,1.4,3.7,0.384,1.3,2.7,0.468,0.53,0.7,0.9,0.762,0.5,2,2.4,1.6,1.3,0.4,1,2,7.5,Tennessee,12196094
New Orleans Pelicans,Jose Alvarado,PG,24,61,10,21.5,3.3,8,0.411,1.4,4,0.336,1.9,4,0.488,0.496,1.1,1.3,0.813,0.5,1.9,2.3,3,1.1,0.2,1.3,2,9,Georgia Tech,1563518
New Orleans Pelicans,Larry Nance Jr.,C,30,65,1,21.2,2.9,4.7,0.61,0.2,0.6,0.333,2.6,4,0.654,0.633,0.8,1.2,0.696,1.6,3.8,5.4,1.8,0.9,0.6,0.6,2,6.8,Wyoming,9672727
New Orleans Pelicans,Dyson Daniels,PG,19,59,11,17.7,1.5,3.5,0.418,0.5,1.5,0.314,1,2.1,0.492,0.483,0.4,0.7,0.65,0.6,2.6,3.2,2.3,0.7,0.2,1,1.7,3.8,No College/Unknown,5508600
New Orleans Pelicans,Devonte' Graham,PG,27,53,0,15.3,1.6,4.4,0.368,1.2,3.6,0.347,0.4,0.8,0.463,0.511,0.8,1.1,0.746,0.2,1.1,1.4,2.2,0.6,0.2,0.5,0.9,5.3,Kansas,11550000
New Orleans Pelicans,Jaxson Hayes,C,22,47,2,13,1.8,3.3,0.551,0.1,0.6,0.103,1.8,2.7,0.654,0.561,1.2,1.8,0.699,0.8,2,2.8,0.7,0.4,0.4,0.7,1.4,5,Texas,6803012
New Orleans Pelicans,Willy Hernangómez,C,28,38,2,12.1,2.3,4.4,0.527,0.1,0.3,0.273,2.3,4.2,0.544,0.536,2.1,2.7,0.779,1.5,3.2,4.7,0.9,0.4,0.3,1,1.7,6.9,No College/Unknown,2443581
New Orleans Pelicans,Kira Lewis Jr.,PG,21,25,0,9.4,1.6,3.5,0.455,0.6,1.4,0.441,1,2.2,0.463,0.54,0.8,0.9,0.864,0.2,1.1,1.3,0.9,0.4,0.1,0.4,1,4.6,Alabama,4004280
New Orleans Pelicans,Garrett Temple,SG,36,25,0,6.5,0.7,1.8,0.4,0.4,1,0.423,0.3,0.8,0.368,0.522,0.1,0.2,0.75,0.2,0.5,0.7,0.5,0.4,0.1,0.2,0.6,2,LSU,5155500
New York Knicks,Julius Randle,PF,28,77,77,35.5,8.5,18.6,0.459,2.8,8.3,0.343,5.7,10.3,0.553,0.536,5.2,6.9,0.757,1.8,8.1,10,4.1,0.6,0.3,2.8,3,25.1,Kentucky,23760000
New York Knicks,Jalen Brunson,PG,26,68,68,35,8.6,17.6,0.491,2,4.7,0.416,6.7,12.8,0.519,0.547,4.8,5.8,0.829,0.6,3,3.5,6.2,0.9,0.2,2.1,2.2,24,Villanova,27733332
New York Knicks,RJ Barrett,SG,22,73,73,33.9,7,16.1,0.434,1.7,5.3,0.31,5.3,10.8,0.495,0.485,4,5.4,0.74,0.8,4.2,5,2.8,0.4,0.2,2.2,2.5,19.6,Duke,10900635
New York Knicks,Josh Hart,SF,27,25,1,30,3.7,6.3,0.586,1.1,2.1,0.519,2.6,4.2,0.619,0.672,1.8,2.3,0.789,1.9,5.2,7,3.6,1.4,0.5,1.5,2.5,10.2,Villanova,12960000
New York Knicks,Quentin Grimes,SG,22,71,66,29.9,4,8.5,0.468,2.2,5.7,0.386,1.8,2.7,0.641,0.599,1.1,1.4,0.796,0.7,2.5,3.2,2.1,0.7,0.4,1,2.5,11.3,Houston,2277000
New York Knicks,Immanuel Quickley,SG,23,81,21,28.9,5.2,11.6,0.448,2.1,5.6,0.37,3.1,6,0.521,0.537,2.5,3.1,0.819,0.7,3.4,4.2,3.4,1,0.2,1.2,2,14.9,Kentucky,2316240
New York Knicks,Mitchell Robinson,C,24,59,58,27,3.2,4.7,0.671,0,0,NA,3.2,4.7,0.671,0.671,1,2.1,0.484,4.5,4.9,9.4,0.9,0.9,1.8,0.7,2.7,7.4,Western Kentucky,17045454
New York Knicks,Cam Reddish,SF,23,20,8,21.9,3.1,6.8,0.449,0.9,2.8,0.304,2.2,4,0.55,0.511,1.5,1.7,0.879,0.4,1.2,1.6,1,0.8,0.4,0.8,1.6,8.4,Duke,5954454
New York Knicks,Isaiah Hartenstein,C,24,82,8,19.8,2.1,4,0.535,0.1,0.5,0.216,2,3.5,0.576,0.547,0.6,0.9,0.676,2.5,4,6.5,1.2,0.6,0.8,0.8,2.6,5,No College/Unknown,7804879
New York Knicks,Evan Fournier,SG,30,27,7,17,2.1,6.1,0.337,1.3,4.2,0.307,0.8,1.9,0.404,0.443,0.7,0.8,0.857,0.1,1.7,1.8,1.3,0.6,0.1,0.8,1.7,6.1,No College/Unknown,18000000
New York Knicks,Obi Toppin,PF,24,67,5,15.7,2.8,6.3,0.446,1.3,3.7,0.344,1.5,2.6,0.593,0.548,0.6,0.7,0.809,0.4,2.4,2.8,1,0.3,0.2,0.6,1,7.4,Dayton,5348280
New York Knicks,Jericho Sims,C,24,52,16,15.6,1.6,2.1,0.776,0,0,0,1.6,2,0.783,0.776,0.2,0.3,0.75,1.9,2.8,4.7,0.5,0.3,0.5,0.5,1.8,3.4,Texas,1639842
New York Knicks,Derrick Rose,PG,34,27,0,12.5,2.3,5.9,0.384,0.7,2.3,0.302,1.6,3.6,0.438,0.443,0.4,0.4,0.917,0.3,1.2,1.5,1.7,0.3,0.2,0.8,0.7,5.6,Memphis,14520730
New York Knicks,Miles McBride,PG,22,64,2,11.9,1.2,3.4,0.358,0.6,2.1,0.299,0.6,1.3,0.457,0.451,0.4,0.7,0.667,0.2,0.6,0.8,1.1,0.6,0.1,0.4,0.9,3.5,West Virginia,1563518
Oklahoma City Thunder,Shai Gilgeous-Alexander,PG,24,68,68,35.5,10.4,20.3,0.51,0.9,2.5,0.345,9.5,17.8,0.533,0.531,9.8,10.9,0.905,0.9,4,4.8,5.5,1.6,1,2.8,2.8,31.4,Kentucky,30913750
Oklahoma City Thunder,Josh Giddey,PF,20,76,76,31.1,7.1,14.7,0.482,1,3.1,0.325,6.1,11.6,0.524,0.516,1.4,1.9,0.731,1.9,5.9,7.9,6.2,0.8,0.4,2.8,1.9,16.6,No College/Unknown,6287400
Oklahoma City Thunder,Luguentz Dort,SF,23,74,73,30.7,4.6,11.8,0.388,1.8,5.5,0.33,2.8,6.3,0.44,0.466,2.7,3.5,0.772,1.7,2.9,4.6,2.1,1,0.3,1.2,3.3,13.7,Arizona State,15277778
Oklahoma City Thunder,Jalen Williams,SG,21,75,62,30.3,5.5,10.6,0.521,1,2.7,0.356,4.5,7.9,0.579,0.567,2.1,2.5,0.812,1.1,3.4,4.5,3.3,1.4,0.5,1.6,2.5,14.1,Santa Clara,4341480
Oklahoma City Thunder,Kenrich Williams,PF,28,53,10,22.8,3.4,6.5,0.517,0.9,2.5,0.373,2.4,4,0.608,0.59,0.3,0.7,0.436,1.8,3.1,4.9,2,0.8,0.3,0.6,2.1,8,TCU,2000000
Oklahoma City Thunder,Aleksej Pokusevski,PF,21,34,25,20.6,3.2,7.3,0.434,1.1,3.1,0.365,2.1,4.3,0.483,0.51,0.6,1,0.629,1.3,3.4,4.7,1.9,0.6,1.3,1.3,1.7,8.1,No College/Unknown,3261480
Oklahoma City Thunder,Isaiah Joe,SG,23,73,10,19.1,3.1,7,0.441,2.2,5.4,0.409,0.9,1.6,0.553,0.599,1.1,1.4,0.82,0.4,2,2.4,1.2,0.7,0.1,0.5,1.4,9.5,Arkansas,1836090
Oklahoma City Thunder,Jeremiah Robinson-Earl,PF,22,43,20,18.9,2.6,5.8,0.444,0.9,2.6,0.333,1.7,3.2,0.533,0.518,0.8,1,0.833,1.7,2.5,4.2,1,0.6,0.3,0.4,1.7,6.8,Villanova,2000000
Oklahoma City Thunder,Jaylin Williams,C,20,49,36,18.7,2.1,4.8,0.436,0.9,2.3,0.407,1.1,2.5,0.463,0.534,0.8,1.1,0.704,0.9,4,4.9,1.6,0.6,0.2,0.8,2.3,5.9,Arkansas,2000000
Oklahoma City Thunder,Aaron Wiggins,SG,24,70,14,18.5,2.7,5.2,0.512,0.7,1.7,0.393,2,3.4,0.573,0.579,0.8,1,0.831,1,2,3,1.1,0.6,0.2,0.8,1.6,6.8,Maryland,1563518
Oklahoma City Thunder,Tre Mann,PG,21,67,5,17.7,2.9,7.5,0.393,1.2,3.8,0.315,1.7,3.6,0.475,0.474,0.6,0.8,0.764,0.4,1.9,2.3,1.8,0.6,0.2,0.9,1.5,7.7,Florida,3046200
Oklahoma City Thunder,Darius Bazley,C,22,36,1,15.4,2,4.4,0.449,0.5,1.3,0.4,1.5,3.1,0.469,0.506,1,1.8,0.554,0.8,2.6,3.4,0.9,0.5,0.8,0.6,1,5.4,No College/Unknown,4264629
Oklahoma City Thunder,Ousmane Dieng,PF,19,39,1,14.6,1.9,4.6,0.42,0.7,2.5,0.265,1.3,2.1,0.602,0.492,0.4,0.6,0.652,0.5,2.2,2.7,1.2,0.4,0.2,0.7,1.1,4.9,No College/Unknown,4569840
Oklahoma City Thunder,Mike Muscala,C,31,43,5,14.5,2.1,4.7,0.438,1.3,3.3,0.394,0.8,1.4,0.541,0.576,0.7,0.9,0.795,0.5,2.6,3.1,0.9,0.3,0.4,0.3,1.6,6.2,Bucknell,3500000
Oklahoma City Thunder,Dario Šarić,C,28,20,0,13.7,2.6,5,0.515,0.9,2.3,0.391,1.7,2.7,0.623,0.606,1.4,1.6,0.844,0.7,2.6,3.3,0.9,0.4,0.1,1,1.5,7.4,No College/Unknown,9240000
Oklahoma City Thunder,Lindy Waters III,SG,25,41,0,13,1.7,4.3,0.393,1.4,4,0.358,0.3,0.4,0.75,0.556,0.4,0.5,0.8,0.4,1.4,1.8,0.7,0.3,0.3,0.2,1,5.2,Oklahoma State,1927896
Oklahoma City Thunder,Olivier Sarr,NA,23,9,1,12.7,1.7,3.3,0.5,0.1,0.9,0.125,1.6,2.4,0.636,0.517,0.6,0.8,0.714,1.3,2.1,3.4,0.4,0.1,0.6,0.4,1.9,4,No College/Unknown,NA
Oklahoma City Thunder,Eugene Omoruyi,SF,25,23,2,11.8,1.9,4.1,0.468,0.3,1.3,0.258,1.6,2.7,0.571,0.511,0.7,1.2,0.607,1,1.3,2.3,0.5,0.6,0,0.7,2,4.9,Oregon,555402
Orlando Magic,Paolo Banchero,PF,20,72,72,33.8,6.7,15.6,0.427,1.2,4,0.298,5.5,11.6,0.471,0.465,5.5,7.4,0.738,1.2,5.7,6.9,3.7,0.8,0.5,2.8,2.2,20,Duke,11055120
Orlando Magic,Franz Wagner,SF,21,80,80,32.6,6.8,14,0.485,1.6,4.5,0.361,5.2,9.5,0.544,0.543,3.4,4,0.842,0.9,3.2,4.1,3.5,1,0.2,2.1,2.3,18.6,Michigan,5258280
Orlando Magic,Wendell Carter Jr.,C,23,57,54,29.6,5.6,10.8,0.525,1.4,3.9,0.356,4.2,6.8,0.624,0.591,2.5,3.4,0.738,2.1,6.6,8.7,2.3,0.5,0.6,1.9,2.8,15.2,Duke,14150000
Orlando Magic,Markelle Fultz,PG,24,60,60,29.6,5.8,11.3,0.514,0.5,1.5,0.31,5.4,9.9,0.544,0.534,1.9,2.4,0.783,1.2,2.8,3.9,5.7,1.5,0.4,2.3,2.2,14,Washington,16500000
Orlando Magic,Cole Anthony,PG,22,60,4,25.9,4.6,10.2,0.454,1.3,3.4,0.364,3.4,6.7,0.5,0.516,2.5,2.8,0.894,0.8,4,4.8,3.9,0.6,0.5,1.5,2.6,13,UNC,3613680
Orlando Magic,Gary Harris,SG,28,48,42,24.7,2.9,6.4,0.45,2,4.5,0.431,0.9,1.9,0.494,0.603,0.6,0.6,0.9,0.4,1.6,2,1.2,0.9,0.3,0.6,1.9,8.3,Michigan State,13000000
Orlando Magic,Jalen Suggs,SG,21,53,19,23.5,3.5,8.4,0.419,1.2,3.8,0.327,2.3,4.6,0.496,0.493,1.6,2.2,0.723,1,2,3,2.9,1.3,0.5,1.8,2.3,9.9,Gonzaga,6922320
Orlando Magic,Terrence Ross,SG,31,42,9,22.5,3.1,7.1,0.431,1.5,3.8,0.381,1.6,3.3,0.489,0.533,0.4,0.5,0.75,0.2,1.8,2,1.3,0.6,0.2,0.9,1.3,8,Washington,12080373
Orlando Magic,Bol Bol,PF,23,70,33,21.5,3.7,6.8,0.546,0.4,1.6,0.265,3.3,5.2,0.633,0.577,1.2,1.5,0.759,1,4.8,5.8,1,0.4,1.2,1.6,1.3,9.1,Oregon,2200000
Orlando Magic,Moritz Wagner,C,25,57,18,19.5,3.5,6.9,0.5,0.9,2.9,0.313,2.6,4.1,0.631,0.564,2.7,3.2,0.841,1.2,3.3,4.5,1.5,0.6,0.2,1.2,2.4,10.5,Michigan,1878720
Orlando Magic,Chuma Okeke,SF,24,27,8,19.2,1.6,4.5,0.352,1,3.2,0.302,0.6,1.3,0.472,0.459,0.6,0.8,0.762,1,2.6,3.6,1.4,0.7,0.4,0.6,1.5,4.7,Auburn,3433320
Orlando Magic,Mo Bamba,C,24,40,6,17,2.7,5.4,0.495,1.1,2.7,0.398,1.6,2.7,0.594,0.596,0.9,1.3,0.686,1.2,3.4,4.6,1.1,0.3,1,0.6,2.2,7.3,Texas,10300000
Orlando Magic,Caleb Houstan,SF,20,51,4,15.9,1.3,3.6,0.363,0.9,2.7,0.338,0.4,0.9,0.435,0.489,0.3,0.4,0.833,0.7,1.3,1.9,0.6,0.2,0.1,0.4,1.2,3.8,Michigan,2000000
Orlando Magic,Goga Bitadze,C,23,17,1,15,2.5,4.3,0.575,0.1,0.7,0.167,2.4,3.6,0.656,0.589,0.7,1.1,0.667,2.1,3.1,5.2,1.2,0.4,0.9,0.6,1.8,5.8,No College/Unknown,5377520
Orlando Magic,R.J. Hampton,PG,21,26,0,13.9,1.9,4.4,0.439,0.7,2,0.34,1.2,2.3,0.525,0.518,1.2,1.4,0.838,0.3,1.2,1.5,1.3,0.6,0.2,0.8,0.8,5.7,No College/Unknown,2898243
Orlando Magic,Kevon Harris,NA,25,34,0,13.4,1.4,3.1,0.439,0.5,1.3,0.372,0.9,1.9,0.484,0.514,0.9,1.2,0.756,0.8,1.2,2.1,0.5,0.5,0.1,0.6,1.6,4.1,No College/Unknown,NA
Orlando Magic,Admiral Schofield,PF,25,37,0,12.2,1.5,3.3,0.451,0.6,2,0.324,0.8,1.3,0.646,0.549,0.6,0.6,0.913,0.6,1.1,1.7,0.8,0.2,0.1,0.4,1.6,4.2,Tennessee,506508
Orlando Magic,Jonathan Isaac,PF,25,11,0,11.3,2,4.8,0.415,0.5,1.4,0.4,1.5,3.5,0.421,0.472,0.5,0.8,0.556,1.4,2.6,4,0.5,1.3,0.4,0.4,0.5,5,Florida State,17400000
Philadelphia 76ers,James Harden,PG,33,58,58,36.8,6.4,14.5,0.441,2.8,7.2,0.385,3.6,7.3,0.495,0.536,5.4,6.2,0.867,0.7,5.4,6.1,10.7,1.2,0.5,3.4,1.9,21,Arizona State,33000000
Philadelphia 76ers,Joel Embiid,C,28,66,66,34.6,11,20.1,0.548,1,3,0.33,10,17.1,0.587,0.573,10,11.7,0.857,1.7,8.4,10.2,4.2,1,1.7,3.4,3.1,33.1,Kansas,33616770
Philadelphia 76ers,Tyrese Maxey,SG,22,60,41,33.6,7.3,15.2,0.481,2.7,6.2,0.434,4.7,9.1,0.513,0.568,3,3.6,0.845,0.4,2.6,2.9,3.5,0.8,0.1,1.3,2.2,20.3,Kentucky,2726880
Philadelphia 76ers,Tobias Harris,SF,30,74,74,32.9,5.7,11.4,0.501,1.7,4.4,0.389,4,7,0.57,0.575,1.5,1.7,0.876,0.9,4.8,5.7,2.5,0.9,0.5,1.2,2,14.7,Tennessee,37633050
Philadelphia 76ers,De'Anthony Melton,SG,24,77,58,27.9,3.6,8.5,0.425,2,5.2,0.39,1.6,3.2,0.484,0.546,0.9,1.1,0.793,0.9,3.2,4.1,2.6,1.6,0.5,1.3,2.5,10.1,USC,8250000
Philadelphia 76ers,P.J. Tucker,PF,37,75,75,25.6,1.3,3,0.427,0.7,1.9,0.393,0.5,1.1,0.482,0.549,0.3,0.3,0.826,1.3,2.7,3.9,0.8,0.5,0.2,0.6,2.4,3.5,Texas,10490000
Philadelphia 76ers,Shake Milton,SG,26,76,11,20.6,3.2,6.6,0.479,0.7,1.9,0.378,2.4,4.7,0.521,0.535,1.3,1.5,0.853,0.5,2,2.5,3.2,0.3,0.2,1.2,1.6,8.4,SMU,1997718
Philadelphia 76ers,Georges Niang,PF,29,78,1,19.4,2.8,6.4,0.442,2,4.9,0.401,0.9,1.5,0.576,0.596,0.5,0.6,0.867,0.2,2.1,2.4,1,0.4,0.2,0.7,1.9,8.2,Iowa State,3465000
Philadelphia 76ers,Jalen McDaniels,SF,25,24,3,17.5,2.5,5.1,0.488,0.5,1.3,0.4,2,3.9,0.516,0.537,1.2,1.4,0.824,0.8,2.4,3.2,0.8,0.7,0.2,0.5,2.1,6.7,San Diego State,1930681
Philadelphia 76ers,Danuel House Jr.,SF,29,56,5,14.4,1.7,3.5,0.472,0.7,2,0.336,1,1.6,0.644,0.566,0.8,1.1,0.75,0.2,1.5,1.7,0.8,0.3,0.2,0.5,1.2,4.8,Texas A&M,4105000
Philadelphia 76ers,Matisse Thybulle,SG,25,49,6,12.1,1,2.4,0.431,0.4,1.3,0.333,0.6,1.1,0.547,0.522,0.2,0.2,0.75,0.4,0.9,1.3,0.5,0.9,0.3,0.2,1.3,2.7,Washington,4379527
Philadelphia 76ers,Montrezl Harrell,C,29,57,7,11.9,2.2,3.7,0.598,0,0.1,0,2.2,3.6,0.616,0.598,1.2,1.8,0.693,1.2,1.6,2.8,0.6,0.3,0.4,0.6,1.3,5.6,Louisville,2463490
Philadelphia 76ers,Paul Reed,C,23,69,2,10.9,1.8,3,0.593,0,0.1,0.167,1.8,2.9,0.606,0.596,0.6,0.7,0.745,1.6,2.2,3.8,0.4,0.7,0.7,0.7,1.8,4.2,DePaul,1782621
Philadelphia 76ers,Dewayne Dedmon,C,33,8,1,9.5,1.6,2.8,0.591,0.1,0.3,0.5,1.5,2.5,0.6,0.614,0.1,0.6,0.2,0.8,2.4,3.1,1.3,0.3,0.6,0.8,1.8,3.5,USC,8147040
Philadelphia 76ers,Furkan Korkmaz,SG,25,37,0,9.5,1.3,3,0.432,0.5,1.2,0.391,0.8,1.8,0.462,0.514,0.7,1,0.722,0.2,1,1.1,0.6,0.3,0.1,0.6,0.5,3.8,No College/Unknown,5000000
Philadelphia 76ers,Jaden Springer,SG,20,16,2,5.6,1.1,2.2,0.486,0.1,0.3,0.4,0.9,1.9,0.5,0.514,0.4,0.5,0.75,0.4,0.5,0.9,0.5,0.4,0.2,0.2,0.9,2.6,Tennessee,2125200
Phoenix Suns,Mikal Bridges,SG,26,56,56,36.4,6.3,13.6,0.463,1.8,4.7,0.387,4.5,9,0.503,0.529,2.8,3.1,0.897,1,3.3,4.3,3.6,1.2,0.8,1.4,2.1,17.2,Villanova,20100000
Phoenix Suns,Devin Booker,SG,26,53,53,34.6,9.9,20.1,0.494,2.1,6,0.351,7.8,14.2,0.554,0.546,5.8,6.8,0.855,0.9,3.7,4.5,5.5,1,0.3,2.7,3,27.8,Kentucky,33833400
Phoenix Suns,Kevin Durant,PF,34,8,8,33.6,9.1,16,0.57,2.8,5.1,0.537,6.4,10.9,0.586,0.656,5,6,0.833,0.4,6,6.4,3.5,0.3,1.3,2.5,0.9,26,Texas,44119845
Phoenix Suns,Chris Paul,PG,37,59,59,32,5,11.3,0.44,1.7,4.4,0.375,3.3,6.9,0.482,0.513,2.3,2.7,0.831,0.5,3.8,4.3,8.9,1.5,0.4,1.9,2.1,13.9,Wake Forest,28400000
Phoenix Suns,Deandre Ayton,C,24,67,67,30.4,7.8,13.2,0.589,0.1,0.4,0.292,7.7,12.9,0.597,0.592,2.3,3,0.76,2.6,7.4,10,1.7,0.6,0.8,1.8,2.8,18,Arizona,30913750
Phoenix Suns,Cameron Johnson,PF,26,17,16,25.2,4.8,10.2,0.474,2.6,5.8,0.455,2.2,4.4,0.5,0.604,1.6,1.9,0.818,0.8,3,3.8,1.5,0.9,0.4,0.6,1.7,13.9,UNC,5887899
Phoenix Suns,Torrey Craig,PF,32,79,60,24.7,2.9,6.3,0.456,1.3,3.2,0.395,1.6,3.1,0.518,0.556,0.4,0.6,0.711,1.8,3.6,5.4,1.5,0.6,0.8,0.9,2.3,7.4,USC Upstate,5121951
Phoenix Suns,Damion Lee,SG,30,74,5,20.4,2.7,6.1,0.442,1.5,3.3,0.445,1.2,2.8,0.439,0.564,1.3,1.4,0.904,0.5,2.5,3,1.3,0.4,0.1,1.1,1.6,8.2,Louisville,1836090
Phoenix Suns,Cameron Payne,PG,28,48,15,20.2,3.9,9.4,0.415,1.4,3.9,0.368,2.5,5.6,0.448,0.49,1,1.3,0.766,0.3,2,2.2,4.5,0.7,0.2,1.7,1.8,10.3,Murray State,6000000
Phoenix Suns,Landry Shamet,SG,25,40,9,20.2,2.8,7.5,0.377,1.9,5,0.377,1,2.5,0.376,0.502,1.1,1.3,0.882,0.3,1.4,1.7,2.3,0.7,0.1,0.9,1.5,8.7,Wichita State,9500000
Phoenix Suns,Josh Okogie,SG,24,72,26,18.8,2.3,5.8,0.391,0.9,2.7,0.335,1.3,3,0.442,0.471,1.9,2.7,0.724,1.5,2,3.5,1.5,0.8,0.5,0.9,1.6,7.3,Georgia Tech,1836090
Phoenix Suns,Terrence Ross,SG,31,21,0,18.4,3.4,7.9,0.428,1.6,4.7,0.347,1.8,3.2,0.544,0.53,0.6,0.7,0.857,0.6,2.7,3.3,2,0.5,0.1,0.3,2.1,9,Washington,12080373
Phoenix Suns,Saben Lee,NA,23,23,1,15.8,2,5.1,0.393,0.5,1.3,0.379,1.5,3.8,0.398,0.44,1.8,2.5,0.737,0.6,1.4,2,2.8,0.8,0,0.9,1.3,6.3,No College/Unknown,1752638
Phoenix Suns,Ish Wainright,SF,28,60,2,15.3,1.4,3.8,0.37,1,2.9,0.329,0.5,0.9,0.5,0.496,0.4,0.5,0.839,0.8,1.6,2.3,0.9,0.6,0.4,0.4,2,4.2,Baylor,474851
Phoenix Suns,Dario Šarić,C,28,37,12,14.4,2.1,4.8,0.427,0.7,1.9,0.391,1.3,2.9,0.45,0.503,1,1.2,0.818,1.1,2.8,3.8,1.5,0.4,0.1,1,1.9,5.8,No College/Unknown,9240000
Phoenix Suns,Bismack Biyombo,C,30,61,14,14.3,2,3.4,0.578,0,0,NA,2,3.4,0.578,0.578,0.4,1.1,0.357,1.5,2.8,4.3,0.9,0.3,1.4,0.8,1.9,4.3,No College/Unknown,1836090
Phoenix Suns,Jock Landale,C,27,69,4,14.2,2.6,4.9,0.528,0.3,1.2,0.25,2.3,3.7,0.621,0.559,1.1,1.5,0.752,1.7,2.3,4.1,1,0.2,0.4,0.9,1.8,6.6,Saint Mary's,1563518
Phoenix Suns,Duane Washington Jr.,NA,22,31,3,12.7,3,8.3,0.367,1.3,3.6,0.36,1.7,4.7,0.372,0.445,0.5,0.8,0.667,0.1,1.1,1.2,2,0.2,0.1,1.1,0.7,7.9,No College/Unknown,NA
Phoenix Suns,T.J. Warren,SF,29,16,0,12.3,1.9,4.4,0.429,0.4,1.2,0.316,1.5,3.2,0.471,0.471,0.1,0.1,0.5,0.8,2.3,3.1,0.7,0.4,0.3,0.2,1.3,4.2,NC State,1836090
Portland Trailblazers,Damian Lillard,PG,32,58,58,36.3,9.6,20.7,0.463,4.2,11.3,0.371,5.4,9.4,0.574,0.564,8.8,9.6,0.914,0.8,4,4.8,7.3,0.9,0.3,3.3,1.9,32.2,Weber State,42492492
Portland Trailblazers,Jerami Grant,PF,28,63,63,35.7,6.9,14.5,0.475,2.3,5.7,0.401,4.6,8.8,0.523,0.554,4.4,5.4,0.813,0.8,3.7,4.5,2.4,0.8,0.8,1.8,2.4,20.5,Syracuse,20955000
Portland Trailblazers,Anfernee Simons,SG,23,62,62,35,7.5,16.9,0.447,3.4,9.1,0.377,4.1,7.8,0.528,0.548,2.6,2.9,0.894,0.3,2.3,2.6,4.1,0.7,0.2,2.1,2.3,21.1,No College/Unknown,22321429
Portland Trailblazers,Josh Hart,SF,27,51,51,33.4,3.6,7.1,0.504,0.7,2.2,0.304,2.9,4.9,0.594,0.551,1.7,2.3,0.731,1.9,6.3,8.2,3.9,1.1,0.2,1.5,2.6,9.5,Villanova,12960000
Portland Trailblazers,Matisse Thybulle,SG,25,22,22,27.7,2.7,6.2,0.438,1.5,3.9,0.388,1.2,2.4,0.519,0.558,0.5,0.7,0.625,0.9,2.6,3.5,1.4,1.7,0.8,0.7,2.2,7.4,Washington,4379527
Portland Trailblazers,Cam Reddish,SF,23,20,12,27.6,3.9,8.8,0.443,1.4,4.4,0.318,2.5,4.4,0.568,0.523,1.8,2.1,0.833,0.6,2.3,2.9,1.9,1.2,0.3,1.6,2,11,Duke,5954454
Portland Trailblazers,Justise Winslow,PF,26,29,11,26.8,2.8,6.8,0.409,0.5,1.6,0.311,2.3,5.3,0.438,0.444,0.7,1,0.714,1.7,3.3,5,3.4,1,0.4,1.5,3.1,6.8,Duke,4097561
Portland Trailblazers,Jusuf Nurkić,C,28,52,52,26.8,5,9.7,0.519,0.8,2.3,0.361,4.2,7.4,0.567,0.561,2.4,3.7,0.661,2.2,6.9,9.1,2.9,0.8,0.8,2.3,3.6,13.3,No College/Unknown,15625000
Portland Trailblazers,Shaedon Sharpe,SG,19,80,15,22.2,3.8,8.1,0.472,1.3,3.5,0.36,2.6,4.6,0.559,0.551,0.9,1.3,0.714,0.8,2.2,3,1.2,0.5,0.3,1,1.7,9.9,Kentucky,6012960
Portland Trailblazers,Drew Eubanks,C,25,78,28,20.3,2.7,4.3,0.641,0.1,0.2,0.389,2.7,4.1,0.655,0.651,1.1,1.6,0.664,1.7,3.7,5.4,1.3,0.5,1.3,0.9,2.2,6.6,Oregon State,1836090
Portland Trailblazers,Trendon Watford,PF,22,62,12,19.1,2.9,5.2,0.56,0.4,1,0.391,2.5,4.2,0.602,0.599,1.2,1.6,0.72,0.7,3.2,3.8,2.1,0.5,0.2,1.1,1.9,7.4,LSU,1563518
Portland Trailblazers,Nassir Little,SF,22,54,4,18.1,2.5,5.6,0.442,1.1,2.9,0.367,1.4,2.7,0.524,0.538,0.6,0.9,0.717,0.5,2.1,2.6,0.9,0.4,0.4,0.7,1.2,6.6,UNC,4171548
Portland Trailblazers,Kevin Knox,PF,23,21,4,17.1,3.2,7.3,0.444,1,3.3,0.314,2.2,4,0.554,0.516,1,1.3,0.741,0.7,2.6,3.3,0.9,0.5,0,0.9,1,8.5,Kentucky,3000000
Portland Trailblazers,Gary Payton II,SG,30,15,1,17,1.6,2.7,0.585,0.6,1.1,0.529,1,1.6,0.625,0.695,0.3,0.3,1,0.7,1.9,2.6,1.5,1.1,0.1,0.8,1.9,4.1,Oregon State,8300000
Portland Trailblazers,Ryan Arcidiacono,NA,28,9,4,16.2,0.9,3.6,0.25,0.8,2.2,0.35,0.1,1.3,0.083,0.359,0,0,NA,0,1.2,1.2,2.3,0.3,0,0.7,1.6,2.6,No College/Unknown,1836090
Portland Trailblazers,John Butler,NA,20,19,1,11.6,0.9,2.8,0.321,0.4,1.8,0.229,0.5,0.9,0.5,0.396,0.2,0.2,0.75,0.2,0.7,0.9,0.6,0.4,0.5,0.1,1.2,2.4,No College/Unknown,NA
Portland Trailblazers,Jabari Walker,SF,20,56,0,11.1,1.5,3.5,0.419,0.3,1,0.286,1.2,2.5,0.472,0.46,0.6,0.8,0.756,0.9,1.5,2.3,0.6,0.2,0.2,0.5,1.2,3.9,Colorado,1017781
Portland Trailblazers,Keon Johnson,SG,20,40,0,10.4,1.7,4.5,0.376,0.7,2,0.346,1,2.4,0.402,0.455,0.7,1,0.659,0.3,0.8,1.1,1.5,0.5,0.2,1.1,1.1,4.7,Tennessee,2681040
Portland Trailblazers,Greg Brown III,NA,21,16,0,5.8,0.7,1.8,0.393,0.1,0.4,0.143,0.6,1.3,0.476,0.411,0.3,0.8,0.417,0.1,1.1,1.2,0.2,0.3,0.3,0.4,0.8,1.8,No College/Unknown,1563518
Sacramento Kings,Domantas Sabonis,C,26,79,79,34.6,7.3,11.9,0.615,0.4,1.1,0.373,6.9,10.8,0.639,0.632,4.1,5.5,0.742,3.2,9.1,12.3,7.3,0.8,0.5,2.9,3.5,19.1,Gonzaga,18500000
Sacramento Kings,De'Aaron Fox,PG,25,73,73,33.4,9.3,18.2,0.512,1.6,5,0.324,7.7,13.2,0.584,0.557,4.7,6,0.78,0.5,3.6,4.2,6.1,1.1,0.3,2.5,2.4,25,Kentucky,30351780
Sacramento Kings,Harrison Barnes,PF,30,82,82,32.5,4.6,9.6,0.473,1.6,4.3,0.374,3,5.3,0.553,0.556,4.3,5,0.847,1.1,3.4,4.5,1.6,0.7,0.1,1,1.3,15,UNC,18352273
Sacramento Kings,Keegan Murray,SF,22,80,78,29.8,4.4,9.8,0.453,2.6,6.3,0.411,1.9,3.5,0.527,0.584,0.8,1,0.765,1.1,3.5,4.6,1.2,0.8,0.5,0.8,2,12.2,Iowa,8008440
Sacramento Kings,Kevin Huerter,SG,24,75,75,29.4,5.6,11.5,0.485,2.7,6.8,0.402,2.9,4.7,0.604,0.603,1.3,1.7,0.725,0.6,2.8,3.3,2.9,1.1,0.3,1.3,2.4,15.2,Maryland,14508929
Sacramento Kings,Malik Monk,SG,24,77,0,22.3,4.6,10.3,0.448,1.9,5.2,0.359,2.8,5.2,0.538,0.538,2.4,2.7,0.889,0.4,2.2,2.6,3.9,0.6,0.3,1.9,1.6,13.5,Kentucky,9472219
Sacramento Kings,Davion Mitchell,PG,24,80,9,18.1,2.3,5,0.454,0.8,2.5,0.32,1.5,2.5,0.584,0.533,0.3,0.4,0.806,0.2,1.1,1.3,2.3,0.6,0.2,0.8,1.4,5.6,Baylor,4833600
Sacramento Kings,Trey Lyles,PF,27,74,0,16.9,2.5,5.5,0.458,1.2,3.2,0.363,1.4,2.3,0.595,0.565,1.4,1.7,0.815,0.9,3.1,4.1,0.9,0.4,0.4,0.9,1.3,7.6,Kentucky,2625000
Sacramento Kings,Kessler Edwards,SF,22,22,3,13.9,1.4,3.1,0.435,0.7,2,0.349,0.7,1.2,0.577,0.543,0.5,0.6,0.769,0.8,1.4,2.1,1,0.5,0.2,0.4,1.7,3.9,Pepperdine,1637966
Sacramento Kings,Terence Davis,SG,25,64,5,13.1,2.4,5.7,0.423,1.4,3.8,0.366,1,1.9,0.537,0.545,0.5,0.7,0.791,0.3,1.9,2.2,1,0.7,0.2,0.8,1.6,6.7,Ole Miss,4000000
Sacramento Kings,Chimezie Metu,PF,25,66,0,10.4,2,3.3,0.589,0.1,0.6,0.237,1.8,2.7,0.663,0.61,0.8,1.1,0.74,0.7,2.3,3,0.6,0.3,0.3,0.5,1.2,4.9,USC,1910860
Sacramento Kings,Richaun Holmes,C,29,42,1,8.3,1.3,2.1,0.618,0.1,0.2,0.625,1.2,1.9,0.617,0.646,0.4,0.5,0.789,0.7,1.2,1.9,0.2,0.1,0.3,0.3,1.2,3.1,Bowling Green,11215260
Sacramento Kings,KZ Okpala,NA,23,35,3,7.1,0.5,1.1,0.421,0.2,0.6,0.333,0.3,0.5,0.529,0.513,0.2,0.2,0.875,0.2,0.8,1,0.4,0.2,0.2,0.2,1.1,1.3,No College/Unknown,1902133
Sacramento Kings,Matthew Dellavedova,PG,32,32,0,6.7,0.5,1.6,0.34,0.3,0.8,0.333,0.3,0.7,0.348,0.43,0.1,0.2,0.571,0,0.4,0.4,1.3,0.2,0,0.3,0.6,1.5,Saint Mary's,1836090
Sacramento Kings,Alex Len,C,29,26,2,6.2,0.6,1.2,0.533,0,0.1,0,0.6,1.1,0.571,0.533,0.4,0.6,0.688,0.9,1.4,2.3,0.5,0.2,0.4,0.6,1.1,1.7,Maryland,3918600
San Antonio Spurs,Keldon Johnson,SF,23,63,63,32.7,8,17.7,0.452,2.1,6.5,0.329,5.9,11.2,0.523,0.512,3.9,5.2,0.749,0.9,4.2,5,2.9,0.7,0.2,2.1,2,22,Kentucky,3873025
San Antonio Spurs,Devin Vassell,SG,22,38,32,31,6.9,15.7,0.439,2.7,7,0.387,4.2,8.7,0.48,0.525,2.1,2.6,0.78,0.2,3.7,3.9,3.6,1.1,0.4,1.5,1.5,18.5,Florida State,4437000
San Antonio Spurs,Tre Jones,PG,23,68,65,29.2,5,10.9,0.459,0.7,2.3,0.285,4.4,8.6,0.506,0.489,2.2,2.5,0.86,0.8,2.8,3.6,6.6,1.3,0.1,1.6,1.4,12.9,Duke,1782621
San Antonio Spurs,Devonte' Graham,PG,27,20,8,26.4,3.8,10,0.38,2.7,7.4,0.358,1.2,2.6,0.442,0.513,2.7,3.6,0.75,0.4,2.2,2.5,4,0.8,0.3,1.3,1.6,13,Kansas,11550000
San Antonio Spurs,Jakob Poeltl,C,27,46,46,26.1,5.2,8.4,0.616,0,0,0,5.2,8.4,0.618,0.616,1.7,2.8,0.605,3.3,5.7,9,3.1,0.8,1.1,2.1,2.6,12.1,Utah,9398148
San Antonio Spurs,Jeremy Sochan,PF,19,56,53,26,4.5,9.9,0.453,0.6,2.4,0.246,3.9,7.5,0.519,0.483,1.4,2.1,0.698,1.7,3.6,5.3,2.5,0.8,0.4,1.7,2.5,11,Baylor,5063520
San Antonio Spurs,Josh Richardson,SG,29,42,6,23.7,4.2,9.7,0.436,1.8,4.9,0.357,2.5,4.7,0.518,0.527,1.3,1.4,0.883,0.7,2.1,2.8,3.3,1,0.3,1.5,1.7,11.5,Tennessee,12196094
San Antonio Spurs,Malaki Branham,SG,19,66,32,23.5,4.1,9.3,0.44,1.2,3.9,0.302,2.9,5.4,0.539,0.503,0.9,1.1,0.829,0.4,2.3,2.7,1.9,0.5,0.1,1.2,1.7,10.2,Ohio State,2925600
San Antonio Spurs,Sandro Mamukelashvili,C,23,19,7,23.3,4.1,9.1,0.453,1.2,3.5,0.343,2.9,5.5,0.524,0.52,1.4,2.1,0.692,2.7,4.1,6.8,2.4,0.5,0.4,1.4,1.7,10.8,Seton Hall,357717
San Antonio Spurs,Zach Collins,C,25,63,26,22.9,4.5,8.7,0.518,0.9,2.3,0.374,3.6,6.4,0.571,0.568,1.7,2.3,0.761,1.8,4.5,6.4,2.9,0.6,0.8,2,3.2,11.6,Gonzaga,7350000
San Antonio Spurs,Keita Bates-Diop,PF,27,67,42,21.7,3.5,6.9,0.508,0.8,2.1,0.394,2.7,4.8,0.557,0.568,1.8,2.2,0.793,1,2.7,3.7,1.5,0.7,0.3,0.8,0.9,9.7,Ohio State,1878720
San Antonio Spurs,Julian Champagnie,NA,21,15,3,20.9,3.9,8.5,0.461,2.2,5.4,0.407,1.7,3.1,0.553,0.59,0.9,1.1,0.824,0.7,3.3,4,0.7,0.3,0.3,0.7,1.7,11,No College/Unknown,NA
San Antonio Spurs,Doug McDermott,SF,31,64,0,20.5,3.7,8.2,0.457,1.9,4.7,0.413,1.8,3.5,0.516,0.575,0.8,1.1,0.757,0.4,1.8,2.2,1.4,0.2,0.1,0.9,1.8,10.2,Creighton,13750000
San Antonio Spurs,Romeo Langford,SG,23,43,21,19.6,2.8,6,0.467,0.4,1.4,0.262,2.4,4.6,0.53,0.498,0.9,1.3,0.696,1.3,1.3,2.7,1.2,0.6,0.3,0.7,1.6,6.9,Indiana,5634257
San Antonio Spurs,Blake Wesley,SG,19,37,1,18.1,1.9,5.8,0.321,0.5,1.4,0.385,1.3,4.4,0.301,0.367,0.7,1.2,0.591,0.3,1.9,2.2,2.7,0.7,0.1,1.8,1.8,5,Notre Dame,2385480
San Antonio Spurs,Stanley Johnson,NA,26,30,0,15.6,2.2,4.1,0.533,0.6,1.3,0.45,1.6,2.7,0.573,0.607,0.9,1.3,0.667,0.7,2.4,3.2,2.2,0.5,0.2,1.1,1.6,5.8,No College/Unknown,3596685
San Antonio Spurs,Dominick Barlow,NA,19,28,0,14.6,1.6,3.1,0.535,0,0.1,0,1.6,2.9,0.561,0.535,0.6,0.9,0.72,1.6,2,3.6,0.9,0.4,0.7,0.5,2,3.9,No College/Unknown,NA
San Antonio Spurs,Charles Bassey,C,22,35,2,14.5,2.5,3.9,0.644,0.1,0.2,0.375,2.4,3.6,0.661,0.656,0.6,1.1,0.595,2.1,3.4,5.5,1.3,0.5,0.9,1.2,2.1,5.7,Western Kentucky,2674742
San Antonio Spurs,Gorgui Dieng,C,33,31,1,11.5,1.5,3.8,0.385,0.7,2.4,0.28,0.8,1.4,0.571,0.474,0.3,0.4,0.769,0.9,2.6,3.5,1.7,0.1,0.5,1,1.8,3.9,Louisville,2458672
San Antonio Spurs,Isaiah Roby,PF,24,42,2,11.3,1.6,3.7,0.432,0.4,1.4,0.3,1.2,2.3,0.516,0.49,0.5,1,0.488,0.5,2,2.5,0.9,0.4,0.2,0.7,1.3,4.1,Nebraska,1930681
San Antonio Spurs,Jordan Hall,NA,21,9,0,9.2,1,3.1,0.321,0.3,1.7,0.2,0.7,1.4,0.462,0.375,0.8,1,0.778,0.3,1,1.3,1.2,0.1,0,0.8,0.7,3.1,No College/Unknown,NA
Toronto Raptors,Pascal Siakam,PF,28,71,71,37.4,8.9,18.5,0.48,1.3,4,0.324,7.6,14.5,0.523,0.515,5.2,6.7,0.774,1.8,6,7.8,5.8,0.9,0.5,2.4,3.2,24.2,New Mexico State,35448672
Toronto Raptors,Fred VanVleet,PG,28,69,69,36.7,6.3,16.1,0.393,3,8.8,0.342,3.3,7.3,0.455,0.486,3.7,4.1,0.898,0.4,3.6,4.1,7.2,1.8,0.6,2,2.8,19.3,Wichita State,21250000
Toronto Raptors,OG Anunoby,SF,25,67,67,35.6,6.3,13.2,0.476,2.1,5.5,0.387,4.2,7.7,0.539,0.556,2.1,2.5,0.838,1.4,3.5,5,2,1.9,0.7,2,3,16.8,Indiana,17357143
Toronto Raptors,Scottie Barnes,SF,21,77,76,34.8,6,13.2,0.456,0.8,2.9,0.281,5.2,10.3,0.505,0.487,2.5,3.2,0.772,2.3,4.3,6.6,4.8,1.1,0.8,2,2.2,15.3,Florida State,7644600
Toronto Raptors,Gary Trent Jr.,SG,24,66,44,32.1,6.1,14.2,0.433,2.5,6.8,0.369,3.6,7.3,0.493,0.522,2.6,3.1,0.839,0.5,2.2,2.6,1.6,1.6,0.2,0.8,1.5,17.4,Duke,17505000
Toronto Raptors,Jakob Poeltl,C,27,26,25,27.2,5.8,8.8,0.652,0,0,NA,5.8,8.8,0.652,0.652,1.6,2.8,0.569,3.2,5.9,9.1,2.2,1.2,1.3,1.1,3,13.1,Utah,9398148
Toronto Raptors,Precious Achiuwa,C,23,55,12,20.7,3.6,7.3,0.485,0.5,2,0.269,3,5.4,0.564,0.521,1.6,2.3,0.702,1.8,4.1,6,0.9,0.6,0.5,1.1,1.9,9.2,Memphis,2840160
Toronto Raptors,Chris Boucher,PF,30,76,0,20,3.4,7,0.493,0.8,2.5,0.328,2.6,4.5,0.585,0.552,1.7,2.2,0.762,2.1,3.5,5.5,0.4,0.6,0.8,0.5,1.9,9.4,Oregon,12690000
Toronto Raptors,Otto Porter Jr.,SF,29,8,2,18.3,1.9,3.8,0.5,0.8,2.1,0.353,1.1,1.6,0.692,0.6,1,1,1,0.8,1.6,2.4,1,1.4,0,0.5,0.9,5.5,Georgetown,6000000
Toronto Raptors,Thaddeus Young,PF,34,54,9,14.7,2,3.7,0.545,0.1,0.6,0.176,1.9,3,0.622,0.561,0.3,0.5,0.692,1.3,1.8,3.1,1.4,1,0.1,0.8,1.6,4.4,Georgia Tech,8000000
Toronto Raptors,Juancho Hernangómez,NA,27,42,10,14.6,1.1,2.7,0.421,0.4,1.6,0.254,0.7,1.1,0.66,0.496,0.2,0.4,0.563,0.6,2.3,2.9,0.6,0.4,0.1,0.4,1,2.9,No College/Unknown,1836090
Toronto Raptors,Christian Koloko,C,22,58,19,13.8,1.2,2.6,0.48,0,0.2,0.083,1.2,2.4,0.514,0.483,0.6,1,0.627,1.4,1.5,2.9,0.5,0.4,1,0.3,2.2,3.1,Arizona,1500000
Toronto Raptors,Will Barton,SG,32,16,2,13.2,1.8,4.9,0.354,0.9,2.6,0.333,0.9,2.3,0.378,0.443,0.1,0.1,1,0.3,1.3,1.6,1.1,0.7,0.2,0.2,1.1,4.5,Memphis,14807642
Toronto Raptors,Malachi Flynn,PG,24,53,2,13,1.6,4.6,0.36,0.9,2.5,0.353,0.8,2.1,0.367,0.457,0.5,0.6,0.758,0.3,1.2,1.4,1.3,0.4,0.1,0.5,1.2,4.6,San Diego State,2145720
Toronto Raptors,Jeff Dowtin,NA,25,25,0,10.4,1,2.3,0.439,0.2,0.6,0.313,0.8,1.6,0.488,0.482,0.2,0.4,0.667,0.2,0.7,0.9,1.2,0.4,0.1,0.2,0.5,2.4,No College/Unknown,NA
Toronto Raptors,Dalano Banton,PG,23,31,2,9,1.8,4.2,0.423,0.5,1.6,0.294,1.3,2.5,0.506,0.481,0.5,0.8,0.708,0.4,1.1,1.5,1.2,0.4,0.4,0.6,1.1,4.6,Nebraska,1563518
Toronto Raptors,Khem Birch,C,30,20,0,8.1,1,1.6,0.594,0.1,0.1,0.5,0.9,1.5,0.6,0.609,0.2,0.3,0.8,0.4,0.9,1.3,0.4,0.3,0.3,0.4,1.2,2.2,UNLV,6667500
Toronto Raptors,Joe Wieskamp,SF,23,9,0,5.6,0.3,1.6,0.214,0.3,1.3,0.25,0,0.2,0,0.321,0,0,NA,0,0.4,0.4,0.3,0,0,0.1,0.3,1,Iowa,2720989
Toronto Raptors,Ron Harper Jr.,NA,22,9,0,5.3,0.9,1.8,0.5,0.3,1,0.333,0.6,0.8,0.714,0.594,0.1,0.1,1,0.3,0.4,0.8,0.4,0,0.1,0,0.3,2.2,No College/Unknown,NA
Utah Jazz,Lauri Markkanen,PF,25,66,66,34.4,8.7,17.3,0.499,3,7.7,0.391,5.6,9.6,0.585,0.586,5.3,6,0.875,2,6.7,8.6,1.9,0.6,0.6,1.9,2.1,25.6,Arizona,16475454
Utah Jazz,Jordan Clarkson,SG,30,61,61,32.6,7.5,16.9,0.444,2.5,7.5,0.338,5,9.4,0.53,0.519,3.3,4,0.816,1.2,2.9,4,4.4,0.5,0.2,3,2,20.8,Missouri,13340000
Utah Jazz,Mike Conley,PG,35,43,42,29.7,3.6,8.7,0.408,1.8,5,0.362,1.8,3.8,0.469,0.511,1.8,2.2,0.813,0.4,2.1,2.5,7.7,1,0.2,1.7,2.2,10.7,Ohio State,22680000
Utah Jazz,Kelly Olynyk,C,31,68,68,28.6,4.1,8.2,0.499,1.4,3.5,0.394,2.7,4.7,0.576,0.583,2.9,3.4,0.853,1.2,5,6.2,3.7,0.9,0.5,2.5,3.4,12.5,Gonzaga,12804878
Utah Jazz,Malik Beasley,SG,26,55,13,26.8,4.8,12.2,0.396,3.1,8.6,0.359,1.7,3.6,0.485,0.522,0.7,0.8,0.841,0.5,3.1,3.6,1.7,0.8,0.1,1.1,1.4,13.4,Florida State,15558035
Utah Jazz,Kris Dunn,PG,28,22,3,25.8,5.3,9.8,0.537,0.8,1.6,0.472,4.5,8.2,0.55,0.576,1.9,2.4,0.774,0.4,4.1,4.5,5.6,1.1,0.5,1.6,2.6,13.2,Providence,735819
Utah Jazz,Jarred Vanderbilt,PF,23,52,41,24.1,3.3,6,0.556,0.4,1.1,0.333,3,4.9,0.606,0.587,1.3,2,0.657,2.3,5.5,7.9,2.7,1,0.3,1.3,2.6,8.3,Kentucky,4374000
Utah Jazz,Collin Sexton,PG,24,48,15,23.9,4.9,9.8,0.506,1,2.5,0.393,3.9,7.2,0.546,0.558,3.4,4.1,0.819,0.8,1.4,2.2,2.9,0.6,0.1,1.8,2.3,14.3,Alabama,16500000
Utah Jazz,Walker Kessler,C,21,74,40,23,4,5.6,0.72,0,0,0.333,4,5.6,0.723,0.721,1.1,2.1,0.516,3.1,5.3,8.4,0.9,0.4,2.3,0.8,2.3,9.2,Auburn,2696400
Utah Jazz,Ochai Agbaji,SG,22,59,22,20.5,2.8,6.5,0.427,1.4,3.9,0.355,1.4,2.7,0.532,0.532,0.9,1.2,0.812,0.7,1.3,2.1,1.1,0.3,0.3,0.7,1.7,7.9,Kansas,3918360
Utah Jazz,Talen Horton-Tucker,SG,22,65,20,20.2,4,9.4,0.419,0.9,3.1,0.286,3.1,6.3,0.485,0.467,1.9,2.6,0.75,0.6,2.6,3.2,3.8,0.6,0.4,1.9,1.7,10.7,Iowa State,10260000
Utah Jazz,Damian Jones,C,27,19,0,15.8,1.8,2.6,0.714,0.5,0.7,0.714,1.3,1.8,0.714,0.816,0.4,0.5,0.778,1.3,2.3,3.5,0.6,0.3,0.5,0.7,2,4.6,Vanderbilt,2298385
Utah Jazz,Juan Toscano-Anderson,SF,29,22,2,15.2,1.4,3.5,0.403,0.2,1,0.174,1.2,2.5,0.5,0.429,0.4,0.4,0.889,0.6,2.2,2.9,1.8,0.3,0.1,0.8,1.5,3.4,Marquette,1836090
Utah Jazz,Simone Fontecchio,SF,27,52,6,14.7,2.2,6,0.369,1.2,3.7,0.33,1,2.3,0.43,0.47,0.7,0.8,0.795,0.6,1.1,1.7,0.8,0.3,0.2,0.8,1.2,6.3,No College/Unknown,3205128
Utah Jazz,Nickeil Alexander-Walker,SG,24,36,3,14.7,2.3,4.7,0.488,1,2.4,0.402,1.3,2.3,0.578,0.591,0.8,1.1,0.692,0.2,1.4,1.6,2.1,0.7,0.4,1.3,1.6,6.3,Virginia Tech,5009633
Utah Jazz,Rudy Gay,PF,36,56,0,14.6,1.9,5.1,0.38,0.6,2.3,0.254,1.4,2.8,0.484,0.437,0.8,0.9,0.857,0.6,2.3,2.9,1,0.3,0.3,0.7,1.2,5.2,UConn,6184500
Utah Jazz,Johnny Juzang,NA,21,18,0,12.9,1.9,5.8,0.337,0.8,3.5,0.238,1.1,2.3,0.488,0.409,0.1,0.2,0.5,0.4,1.7,2.2,0.4,0.2,0.2,0.2,0.7,4.8,No College/Unknown,NA
Utah Jazz,Udoka Azubuike,C,23,36,4,10,1.6,2,0.819,0,0,NA,1.6,2,0.819,0.819,0.2,0.6,0.35,0.9,2.4,3.3,0.3,0.2,0.4,0.5,0.9,3.5,Kansas,2174880
Washington Wizards,Kyle Kuzma,PF,27,64,64,35,8,17.8,0.448,2.5,7.5,0.333,5.5,10.3,0.533,0.518,2.7,3.7,0.73,0.9,6.4,7.2,3.7,0.6,0.5,3,2.3,21.2,Utah,13000000
Washington Wizards,Bradley Beal,SG,29,50,50,33.5,8.9,17.6,0.506,1.6,4.4,0.365,7.3,13.2,0.552,0.551,3.8,4.6,0.842,0.8,3.1,3.9,5.4,0.9,0.7,2.9,2.1,23.2,Florida,43279250
Washington Wizards,Kristaps Porziņģis,C,27,65,65,32.6,7.8,15.7,0.498,2.1,5.5,0.385,5.7,10.2,0.559,0.565,5.4,6.4,0.851,1.8,6.6,8.4,2.7,0.9,1.5,2.1,3,23.2,No College/Unknown,33833400
Washington Wizards,Corey Kispert,SF,23,74,45,28.3,3.9,7.9,0.497,2.2,5.2,0.424,1.7,2.7,0.637,0.637,1,1.2,0.852,0.4,2.4,2.8,1.2,0.4,0.1,0.7,1.3,11.1,Gonzaga,3552840
Washington Wizards,Monte Morris,PG,27,62,61,27.3,4,8.3,0.48,1.3,3.3,0.382,2.7,5,0.543,0.555,1,1.2,0.831,0.4,3,3.4,5.3,0.7,0.2,1,1.2,10.3,Iowa State,9125000
Washington Wizards,Deni Avdija,SF,22,76,40,26.6,3.3,7.6,0.437,0.9,3.1,0.297,2.4,4.6,0.53,0.497,1.6,2.2,0.739,1,5.4,6.4,2.8,0.9,0.4,1.6,2.8,9.2,No College/Unknown,4916160
Washington Wizards,Delon Wright,PG,30,50,14,24.4,2.8,5.8,0.474,0.8,2.4,0.345,1.9,3.4,0.564,0.545,1,1.2,0.867,1.2,2.4,3.6,3.9,1.8,0.3,0.9,1.2,7.4,Utah,7804878
Washington Wizards,Rui Hachimura,PF,24,30,0,24.3,5.3,10.8,0.488,1,3,0.337,4.3,7.8,0.545,0.534,1.5,1.9,0.759,0.6,3.6,4.3,1.2,0.4,0.4,1.2,1.3,13,Gonzaga,6263188
Washington Wizards,Daniel Gafford,C,24,78,47,20.6,3.7,5.1,0.732,0,0,NA,3.7,5.1,0.732,0.732,1.6,2.4,0.679,2.1,3.5,5.6,1.1,0.4,1.3,1.1,2.4,9,Arkansas,1930681
Washington Wizards,Will Barton,SG,32,40,0,19.6,2.8,7.1,0.386,1.3,3.5,0.377,1.5,3.7,0.395,0.477,0.9,1.1,0.778,0.3,2.5,2.8,2.4,0.4,0.3,1.1,1,7.7,Memphis,14807642
Washington Wizards,Jordan Goodwin,PG,24,62,7,17.8,2.5,5.7,0.448,0.6,1.9,0.322,1.9,3.8,0.511,0.501,0.9,1.1,0.768,0.9,2.4,3.3,2.7,0.9,0.4,0.9,1.5,6.6,Saint Louis,900000
Washington Wizards,Johnny Davis,SG,20,28,5,15.1,2.4,6.1,0.386,0.6,2.5,0.243,1.8,3.6,0.485,0.436,0.5,1,0.519,0.4,2,2.3,1,0.4,0.3,0.6,1.7,5.8,Wisconsin,4810320
Washington Wizards,Quenton Jackson,NA,24,9,0,15,2.1,4.7,0.452,0.1,1.3,0.083,2,3.3,0.6,0.464,1.9,2.4,0.773,0.2,0.7,0.9,1.7,0.4,0.1,0.4,1.1,6.2,No College/Unknown,NA
Washington Wizards,Kendrick Nunn,SG,27,31,0,14.1,2.9,6.4,0.447,1.2,3.1,0.392,1.6,3.3,0.5,0.543,0.6,0.6,0.9,0.3,1.4,1.7,1.8,0.5,0.1,1.1,1,7.5,Oakland,5250000
Washington Wizards,Xavier Cooks,PF,27,10,1,12.6,1.7,2.8,0.607,0,0.1,0,1.7,2.7,0.63,0.607,0.4,1,0.4,1.6,2.2,3.8,0.6,0.6,0.4,0.8,1.3,3.8,Winthrop University,140384
Washington Wizards,Anthony Gill,PF,30,59,8,10.6,1.2,2.2,0.538,0.1,0.5,0.138,1.1,1.7,0.65,0.553,0.8,1.1,0.731,0.6,1.1,1.7,0.6,0.1,0.2,0.3,1.2,3.3,Virginia,1836090
Washington Wizards,Taj Gibson,C,37,49,2,9.8,1.3,2.6,0.52,0.2,0.5,0.333,1.2,2.1,0.564,0.552,0.6,0.9,0.714,0.7,1.2,1.9,0.7,0.3,0.2,0.5,1.7,3.4,USC,1836090
